Survey.date,Number.of.Items.in.the.Basket,Sensitivity.to.Delivery.Cost,Customer.Engagement.Score,Number.of.Previous.Online.Orders,Delivery Tracking,Percentage.of.Perishable.Items,Time.between.Order.and.Delivery,Delivery.Delay.More.than.24.h,s,Time.between.Order.and.Delivery,Customer.Satisfaction
01/01/2019,1,1,0,27,#REF!,9,80,no,9,80,3.65
01/01/2019,20,2,14,36,#REF!,6,85,yes,6,85,4.65
04/01/2019,20,2,0,47,#REF!,24,95,no,24,95,4.92
02/01/2019,21,1,0,24,#REF!,10,105,no,10,105,4.4
03/01/2019,8,1,3,63,#REF!,10,119,no,10,119,4.22
02/01/2019,8,1,59,32,#REF!,3,104,yes,3,104,4.44
04/01/2019,3,1,108,60,#REF!,9,105,yes,9,105,2.45
03/01/2019,9,1,94,39,#REF!,3,70,yes,3,70,4.77
04/01/2019,24,1,61,69,#REF!,3,46,yes,3,46,1.92
03/01/2019,7,1,0,22,#REF!,3,157,no,3,157,4.22
04/01/2019,8,1,78,18,#REF!,1,158,yes,1,158,3.74
01/01/2019,8,1,0,35,#REF!,3,350,no,3,350,2.88
05/01/2019,36,0,0,29,#REF!,3,210,no,3,210,5.51
04/01/2019,25,2,24,46,#REF!,1,95,yes,1,95,2.48
04/01/2019,3,2,13,33,#REF!,9,51,yes,9,51,4.51
01/01/2019,1,1,0,43,#REF!,18,126,no,18,126,5.11
02/01/2019,1,1,0,85,#REF!,3,70,no,3,70,3.68
02/01/2019,4,1,0,62,#REF!,3,98,no,3,98,5.69
04/01/2019,46,1,4,30,#REF!,19,118,no,19,118,3.52
03/01/2019,21,1,11,79,#REF!,1,131,yes,1,131,3.19
02/01/2019,2,1,0,34,#REF!,17,125,no,17,125,4.98
01/01/2019,34,1,24,68,#REF!,6,90,yes,6,90,1.31
04/01/2019,52,1,0,36,#REF!,29,87,no,29,87,3.21
02/01/2019,20,1,13,29,#REF!,17,102,yes,17,102,4.06
01/01/2019,41,2,6,38,#REF!,10,100,yes,10,100,4.77
03/01/2019,25,2,0,41,#REF!,7,110,no,7,110,3.79
03/01/2019,42,1,48,75,#REF!,7,87,yes,7,87,2.56
04/01/2019,10,1,0,41,#REF!,11,39,no,11,39,4.46
02/01/2019,25,1,42,61,#REF!,6,218,yes,6,218,2.58
02/01/2019,1,1,100,34,#REF!,5,165,yes,5,165,4.4
04/01/2019,2,1,0,39,#REF!,6,74,no,6,74,5.67
04/01/2019,28,2,4,34,#REF!,1,87,no,1,87,3.22
01/01/2019,32,1,298,42,#REF!,7,42,yes,7,42,4.27
02/01/2019,44,2,7,78,#REF!,8,74,yes,8,74,2.8
04/01/2019,1,1,7,57,#REF!,7,127,yes,7,127,4.04
02/01/2019,1,1,115,41,#REF!,14,56,yes,14,56,5.09
02/01/2019,6,1,4,50,#REF!,9,22,no,9,22,3.66
02/01/2019,13,1,0,67,#REF!,4,95,no,4,95,2.11
05/01/2019,22,2,71,31,#REF!,12,66,yes,12,66,3
02/01/2019,41,1,0,55,#REF!,7,103,no,7,103,4.67
02/01/2019,11,2,0,43,#REF!,14,284,no,14,284,3.97
02/01/2019,10,1,0,32,#REF!,11,134,no,11,134,2.82
02/01/2019,5,2,0,16,#REF!,8,112,no,8,112,3.41
04/01/2019,11,1,14,33,#REF!,9,105,yes,9,105,4.78
05/01/2019,13,2,274,28,#REF!,38,248,yes,38,248,3.99
03/01/2019,28,1,0,73,#REF!,1,171,no,1,171,3.1
04/01/2019,52,1,30,56,#REF!,7,216,yes,7,216,3.7
04/01/2019,6,1,203,52,#REF!,7,62,yes,7,62,4.56
04/01/2019,35,1,77,80,#REF!,2,194,yes,2,194,2.59
04/01/2019,14,1,174,46,#REF!,1,133,yes,1,133,4.6
05/01/2019,8,1,0,42,#REF!,9,60,no,9,60,4.97
02/01/2019,18,2,209,68,#REF!,4,35,yes,4,35,2.76
02/01/2019,29,1,0,31,#REF!,6,90,no,6,90,5.31
02/01/2019,43,2,213,27,#REF!,7,23,yes,7,23,2.52
02/01/2019,8,1,141,29,#REF!,25,74,yes,25,74,2.13
02/01/2019,25,1,11,19,#REF!,7,238,yes,7,238,3.91
04/01/2019,19,1,0,58,#REF!,5,320,no,5,320,4.86
03/01/2019,28,2,18,44,#REF!,5,41,yes,5,41,4.08
02/01/2019,18,1,1,27,#REF!,6,152,no,6,152,4.77
03/01/2019,33,1,0,42,#REF!,7,69,no,7,69,4.99
02/01/2019,3,2,13,33,#REF!,6,40,yes,6,40,4.67
02/01/2019,16,2,49,64,#REF!,1,68,yes,1,68,2.16
05/01/2019,21,1,28,31,#REF!,2,79,yes,2,79,4.9
01/01/2019,31,1,18,55,#REF!,3,35,yes,3,35,4.32
01/01/2019,4,1,0,33,#REF!,12,106,no,12,106,4.79
01/01/2019,21,1,30,51,#REF!,7,272,yes,7,272,3.4
01/01/2019,19,2,10,44,#REF!,6,144,yes,6,144,4.23
03/01/2019,1,1,0,64,#REF!,12,344,no,12,344,5.06
05/01/2019,4,2,5,43,#REF!,25,157,no,25,157,4.53
01/01/2019,6,1,13,44,#REF!,13,41,yes,13,41,5.6
03/01/2019,36,2,90,60,#REF!,5,96,yes,5,96,2.85
04/01/2019,26,1,0,62,#REF!,4,156,no,4,156,4.97
03/01/2019,32,1,567,59,#REF!,1,71,yes,1,71,1.55
04/01/2019,2,2,4,71,#REF!,6,46,no,6,46,2.83
05/01/2019,13,1,35,66,#REF!,10,296,yes,10,296,3.32
04/01/2019,11,1,0,28,#REF!,7,114,no,7,114,5.81
03/01/2019,28,1,0,49,#REF!,19,35,no,19,35,4.31
01/01/2019,21,1,34,80,#REF!,7,35,yes,7,35,2.61
05/01/2019,22,3,15,39,#REF!,9,33,yes,9,33,4.37
03/01/2019,41,1,10,76,#REF!,3,88,yes,3,88,2.91
05/01/2019,38,1,44,33,#REF!,18,20,yes,18,20,1.4
04/01/2019,4,1,57,42,#REF!,18,48,yes,18,48,4.39
04/01/2019,2,2,0,49,#REF!,37,315,no,37,315,4.16
02/01/2019,5,1,85,39,#REF!,3,146,yes,3,146,5.01
05/01/2019,6,1,0,52,#REF!,5,107,no,5,107,4.25
05/01/2019,13,2,0,15,#REF!,5,144,no,5,144,3.88
02/01/2019,15,1,57,62,#REF!,5,164,yes,5,164,1.63
04/01/2019,13,1,0,64,#REF!,4,131,no,4,131,3.94
03/01/2019,19,2,7,70,#REF!,4,185,yes,4,185,2.57
03/01/2019,28,1,16,43,#REF!,6,209,yes,6,209,3.76
03/01/2019,18,1,43,65,#REF!,7,131,yes,7,131,2.45
04/01/2019,12,2,0,38,#REF!,3,192,no,3,192,3.66
01/01/2019,47,1,48,80,#REF!,5,36,yes,5,36,2.33
04/01/2019,1,1,0,53,#REF!,2,22,no,2,22,4.7
01/01/2019,10,2,203,26,#REF!,7,184,yes,7,184,3.17
03/01/2019,28,1,0,71,#REF!,4,92,no,4,92,3.71
02/01/2019,3,2,9,31,#REF!,6,30,yes,6,30,3.72
01/01/2019,1,2,68,36,#REF!,10,165,yes,10,165,2.61
03/01/2019,1,1,0,43,#REF!,10,293,no,10,293,2.11
01/01/2019,24,1,5,39,#REF!,12,87,no,12,87,4.37
04/01/2019,1,1,0,42,#REF!,13,67,no,13,67,4.1
04/01/2019,27,1,0,85,#REF!,4,67,no,4,67,3.26
05/01/2019,30,2,9,46,#REF!,4,105,yes,4,105,3.3
01/01/2019,21,1,3,25,#REF!,9,64,no,9,64,4.24
03/01/2019,1,2,8,28,#REF!,3,128,yes,3,128,4.13
02/01/2019,11,1,46,41,#REF!,17,45,yes,17,45,5.23
01/01/2019,40,1,0,85,#REF!,3,59,no,3,59,3.84
02/01/2019,29,1,28,32,#REF!,6,45,yes,6,45,4.6
05/01/2019,24,1,0,47,#REF!,9,63,no,9,63,4.47
02/01/2019,38,2,43,19,#REF!,9,319,yes,9,319,3.15
02/01/2019,28,1,135,77,#REF!,10,76,yes,10,76,2.89
03/01/2019,33,1,12,80,#REF!,1,203,yes,1,203,3.8
04/01/2019,10,1,0,29,#REF!,6,310,no,6,310,5.69
02/01/2019,19,1,66,41,#REF!,34,89,yes,34,89,2.66
02/01/2019,35,2,127,80,#REF!,8,198,yes,8,198,3.78
02/01/2019,7,1,151,37,#REF!,16,47,yes,16,47,3.58
01/01/2019,2,2,0,36,#REF!,42,73,no,42,73,4.14
04/01/2019,30,1,6,58,#REF!,5,148,yes,5,148,3.93
04/01/2019,13,1,39,44,#REF!,8,72,yes,8,72,3.07
05/01/2019,16,2,49,53,#REF!,1,77,yes,1,77,5.11
05/01/2019,9,1,150,63,#REF!,6,124,yes,6,124,3.4
02/01/2019,2,1,23,48,#REF!,3,247,yes,3,247,5.93
02/01/2019,56,1,8,22,#REF!,6,102,yes,6,102,3.88
01/01/2019,33,2,0,16,#REF!,4,79,no,4,79,4.51
01/01/2019,5,1,0,38,#REF!,16,294,no,16,294,4.66
05/01/2019,5,1,13,31,#REF!,23,94,yes,23,94,4.26
05/01/2019,10,1,44,22,#REF!,10,154,yes,10,154,3.47
04/01/2019,51,1,0,62,#REF!,4,86,no,4,86,4.01
01/01/2019,20,2,0,36,#REF!,5,103,no,5,103,3.34
03/01/2019,19,2,102,50,#REF!,3,171,yes,3,171,2.91
01/01/2019,1,0,10,33,#REF!,8,143,yes,8,143,4.35
02/01/2019,9,1,0,80,#REF!,10,34,no,10,34,2.6
03/01/2019,13,1,0,46,#REF!,3,185,no,3,185,1.83
01/01/2019,14,1,8,33,#REF!,1,102,yes,1,102,4.94
01/01/2019,20,2,0,23,#REF!,8,59,no,8,59,4.98
02/01/2019,9,1,17,43,#REF!,14,272,yes,14,272,3.92
04/01/2019,4,1,18,44,#REF!,3,111,yes,3,111,5.84
02/01/2019,12,2,10,54,#REF!,9,70,yes,9,70,2.86
05/01/2019,9,3,43,19,#REF!,1,141,yes,1,141,3.64
02/01/2019,1,1,31,48,#REF!,18,44,yes,18,44,1.2
04/01/2019,11,1,0,30,#REF!,9,282,no,9,282,4.4
02/01/2019,46,2,0,72,#REF!,7,149,no,7,149,3.4
05/01/2019,31,2,44,34,#REF!,10,68,yes,10,68,4.17
01/01/2019,32,2,175,46,#REF!,6,84,yes,6,84,4.75
05/01/2019,6,1,71,44,#REF!,11,69,yes,11,69,2.7
03/01/2019,5,1,68,55,#REF!,10,32,yes,10,32,2.16
02/01/2019,1,2,52,85,#REF!,1,84,yes,1,84,2.24
02/01/2019,21,2,159,58,#REF!,10,46,yes,10,46,1.95
02/01/2019,13,0,34,39,#REF!,8,40,yes,8,40,4.78
02/01/2019,1,3,22,31,#REF!,3,77,yes,3,77,5.72
01/01/2019,1,1,27,58,#REF!,2,245,yes,2,245,4.45
02/01/2019,27,2,90,43,#REF!,3,126,yes,3,126,5.44
05/01/2019,1,2,99,23,#REF!,14,96,yes,14,96,1.7
02/01/2019,17,1,18,49,#REF!,1,109,yes,1,109,3
02/01/2019,6,1,53,25,#REF!,10,79,yes,10,79,3.2
04/01/2019,14,1,27,55,#REF!,3,33,yes,3,33,4.59
01/01/2019,10,2,0,79,#REF!,3,71,no,3,71,3.87
05/01/2019,25,1,0,47,#REF!,8,37,no,8,37,4.68
04/01/2019,29,1,0,61,#REF!,10,61,no,10,61,3.66
01/01/2019,21,2,0,70,#REF!,9,254,no,9,254,2.22
05/01/2019,45,1,0,33,#REF!,17,56,no,17,56,4.96
03/01/2019,18,1,0,80,#REF!,3,123,no,3,123,2.71
05/01/2019,28,1,0,38,#REF!,2,114,no,2,114,3.67
05/01/2019,25,2,0,30,#REF!,12,229,no,12,229,4.66
02/01/2019,1,0,1,36,#REF!,12,226,no,12,226,4.75
01/01/2019,44,0,0,73,#REF!,7,133,no,7,133,2.01
05/01/2019,1,1,0,49,#REF!,5,155,no,5,155,4.57
01/01/2019,18,1,10,28,#REF!,32,96,yes,32,96,4.96
01/01/2019,1,1,8,59,#REF!,10,55,yes,10,55,5.24
05/01/2019,10,1,89,34,#REF!,9,89,yes,9,89,4.59
03/01/2019,2,1,43,51,#REF!,8,320,yes,8,320,5.27
01/01/2019,14,1,0,54,#REF!,39,146,no,39,146,3.57
03/01/2019,31,1,60,67,#REF!,3,309,yes,3,309,1.67
01/01/2019,14,1,0,48,#REF!,7,175,no,7,175,3.82
04/01/2019,19,1,63,20,#REF!,3,64,yes,3,64,3.47
04/01/2019,3,2,21,23,#REF!,1,246,yes,1,246,3.93
01/01/2019,15,2,2,39,#REF!,6,122,no,6,122,4.23
01/01/2019,10,1,0,51,#REF!,6,539,no,6,539,4.79
04/01/2019,17,1,262,29,#REF!,6,40,yes,6,40,4.9
05/01/2019,39,2,14,78,#REF!,2,55,yes,2,55,2.21
02/01/2019,24,2,0,47,#REF!,7,103,no,7,103,4.8
04/01/2019,15,3,0,18,#REF!,5,98,no,5,98,4.13
03/01/2019,1,1,109,46,#REF!,7,67,yes,7,67,4.19
02/01/2019,43,2,9,57,#REF!,2,44,yes,2,44,1.35
03/01/2019,16,2,25,26,#REF!,18,42,yes,18,42,2.57
01/01/2019,23,1,0,64,#REF!,10,125,no,10,125,4.44
01/01/2019,1,1,0,57,#REF!,2,66,no,2,66,5.3
04/01/2019,35,1,125,85,#REF!,6,199,yes,6,199,2.73
05/01/2019,19,2,129,69,#REF!,1,33,yes,1,33,2.23
04/01/2019,15,1,150,33,#REF!,9,78,yes,9,78,3.22
04/01/2019,1,1,0,23,#REF!,7,94,no,7,94,4.07
01/01/2019,9,1,0,41,#REF!,10,32,no,10,32,4.91
03/01/2019,15,1,4,20,#REF!,2,48,no,2,48,4.48
03/01/2019,43,1,6,38,#REF!,1,151,yes,1,151,3.56
02/01/2019,16,1,37,46,#REF!,8,98,yes,8,98,1.05
02/01/2019,76,1,18,66,#REF!,10,142,yes,10,142,2.6
04/01/2019,42,1,285,50,#REF!,10,161,yes,10,161,4.84
03/01/2019,25,1,0,40,#REF!,1,158,no,1,158,3.31
03/01/2019,11,0,152,46,#REF!,3,87,yes,3,87,2.13
05/01/2019,1,1,14,51,#REF!,9,86,yes,9,86,4.72
05/01/2019,24,1,0,50,#REF!,6,61,no,6,61,4.23
02/01/2019,11,1,4,25,#REF!,9,80,no,9,80,4.68
05/01/2019,8,1,212,60,#REF!,8,162,yes,8,162,4.85
02/01/2019,5,1,27,43,#REF!,10,30,yes,10,30,4
02/01/2019,12,1,57,30,#REF!,4,115,yes,4,115,3.09
03/01/2019,8,1,0,50,#REF!,12,84,no,12,84,4.32
01/01/2019,1,2,0,18,#REF!,6,117,no,6,117,4.3
03/01/2019,1,1,0,49,#REF!,6,167,no,6,167,2.91
02/01/2019,44,1,5,75,#REF!,5,33,no,5,33,4.81
03/01/2019,15,1,0,16,#REF!,22,42,no,22,42,3.44
02/01/2019,20,2,0,18,#REF!,9,88,no,9,88,2.8
05/01/2019,12,1,36,34,#REF!,44,93,yes,44,93,3.11
02/01/2019,5,1,47,46,#REF!,6,87,yes,6,87,3.64
02/01/2019,21,2,4,46,#REF!,8,41,no,8,41,2.51
03/01/2019,31,1,0,34,#REF!,20,212,no,20,212,4.87
04/01/2019,18,1,80,32,#REF!,10,105,yes,10,105,3.32
01/01/2019,6,1,20,61,#REF!,8,56,yes,8,56,3.22
01/01/2019,1,1,0,48,#REF!,11,263,no,11,263,2.16
04/01/2019,32,2,23,72,#REF!,1,40,yes,1,40,2.3
01/01/2019,8,2,0,45,#REF!,21,366,no,21,366,1.95
05/01/2019,26,1,0,72,#REF!,1,79,no,1,79,2.59
01/01/2019,12,1,74,51,#REF!,3,71,yes,3,71,4.84
05/01/2019,9,1,6,49,#REF!,9,98,yes,9,98,3.12
04/01/2019,8,1,63,23,#REF!,5,39,yes,5,39,4.63
05/01/2019,4,1,217,42,#REF!,9,161,yes,9,161,5.7
04/01/2019,20,1,0,53,#REF!,10,50,no,10,50,2.84
03/01/2019,43,1,0,85,#REF!,5,185,no,5,185,3.77
04/01/2019,6,2,0,45,#REF!,3,112,no,3,112,4.31
02/01/2019,24,1,0,42,#REF!,8,67,no,8,67,3.52
05/01/2019,14,1,17,44,#REF!,12,96,yes,12,96,4.95
04/01/2019,1,1,1,75,#REF!,5,123,no,5,123,3.61
05/01/2019,12,1,10,27,#REF!,3,110,yes,3,110,3.15
02/01/2019,4,1,0,34,#REF!,10,141,no,10,141,4.47
03/01/2019,1,1,0,59,#REF!,3,158,no,3,158,4.21
02/01/2019,20,1,166,33,#REF!,38,246,yes,38,246,4.37
03/01/2019,26,1,17,36,#REF!,8,72,yes,8,72,4.41
02/01/2019,4,2,14,33,#REF!,10,57,yes,10,57,3.96
03/01/2019,11,1,0,37,#REF!,32,53,no,32,53,4.78
02/01/2019,10,2,243,20,#REF!,8,186,yes,8,186,4.97
03/01/2019,44,1,33,47,#REF!,10,66,yes,10,66,4.66
01/01/2019,13,1,200,44,#REF!,15,93,yes,15,93,4.73
05/01/2019,50,2,59,22,#REF!,3,130,yes,3,130,3.76
03/01/2019,24,2,76,27,#REF!,9,161,yes,9,161,3.75
05/01/2019,43,1,63,56,#REF!,9,43,yes,9,43,4.85
01/01/2019,21,2,11,27,#REF!,10,140,yes,10,140,2.82
05/01/2019,21,1,53,57,#REF!,8,64,yes,8,64,3.81
04/01/2019,3,1,0,51,#REF!,6,81,no,6,81,3.95
05/01/2019,6,1,13,40,#REF!,15,40,yes,15,40,5.76
03/01/2019,27,1,0,64,#REF!,19,83,no,19,83,2.2
03/01/2019,14,1,82,44,#REF!,8,73,yes,8,73,3.56
02/01/2019,12,1,41,31,#REF!,5,53,yes,5,53,3.05
01/01/2019,46,1,39,24,#REF!,23,76,yes,23,76,3.89
03/01/2019,46,1,1,43,#REF!,5,42,no,5,42,4.35
04/01/2019,27,1,0,31,#REF!,9,106,no,9,106,4.12
05/01/2019,1,1,154,41,#REF!,12,91,yes,12,91,4.87
03/01/2019,2,1,7,32,#REF!,4,180,yes,4,180,3.3
02/01/2019,12,3,0,57,#REF!,2,144,no,2,144,4.93
02/01/2019,31,1,16,54,#REF!,8,118,yes,8,118,4.42
05/01/2019,2,1,40,57,#REF!,9,318,yes,9,318,4.36
02/01/2019,4,1,8,39,#REF!,4,61,yes,4,61,2.32
02/01/2019,38,1,0,48,#REF!,10,88,no,10,88,4.29
05/01/2019,18,0,94,54,#REF!,3,121,yes,3,121,4.26
05/01/2019,7,1,0,16,#REF!,10,87,no,10,87,4.53
01/01/2019,13,1,75,60,#REF!,10,138,yes,10,138,1.79
01/01/2019,14,1,0,45,#REF!,40,55,no,40,55,5.03
01/01/2019,14,1,103,66,#REF!,10,44,yes,10,44,3.24
03/01/2019,11,1,53,40,#REF!,17,89,yes,17,89,3.75
05/01/2019,1,1,0,24,#REF!,9,29,no,9,29,5.29
01/01/2019,1,1,9,34,#REF!,6,63,yes,6,63,4.3
02/01/2019,9,2,337,28,#REF!,7,75,yes,7,75,3.28
01/01/2019,1,1,36,28,#REF!,6,72,yes,6,72,3.82
01/01/2019,10,1,118,44,#REF!,1,41,yes,1,41,5.67
01/01/2019,31,1,0,41,#REF!,15,178,no,15,178,4.01
03/01/2019,31,0,0,18,#REF!,1,109,no,1,109,3.8
05/01/2019,49,1,0,52,#REF!,2,29,no,2,29,4.98
01/01/2019,3,1,29,48,#REF!,32,157,yes,32,157,3.06
05/01/2019,8,1,95,62,#REF!,4,236,yes,4,236,2.85
03/01/2019,18,1,9,72,#REF!,2,34,yes,2,34,2.35
01/01/2019,17,1,0,78,#REF!,4,101,no,4,101,5.62
04/01/2019,1,1,20,51,#REF!,9,249,yes,9,249,4.04
05/01/2019,25,1,0,75,#REF!,6,69,no,6,69,3.06
03/01/2019,25,1,120,40,#REF!,11,70,yes,11,70,3.92
02/01/2019,17,1,0,53,#REF!,1,123,no,1,123,5.89
01/01/2019,8,1,29,51,#REF!,33,116,yes,33,116,5.89
05/01/2019,1,1,7,26,#REF!,61,151,yes,61,151,2.17
03/01/2019,13,2,0,67,#REF!,9,146,no,9,146,2.07
02/01/2019,4,1,9,18,#REF!,5,256,yes,5,256,3.21
02/01/2019,27,1,0,55,#REF!,4,153,no,4,153,5.64
02/01/2019,18,1,15,49,#REF!,7,142,yes,7,142,4.43
03/01/2019,1,1,232,45,#REF!,2,36,yes,2,36,4.68
01/01/2019,23,2,0,63,#REF!,6,145,no,6,145,2.7
04/01/2019,8,1,128,34,#REF!,7,22,yes,7,22,5.19
04/01/2019,21,1,240,38,#REF!,23,135,yes,23,135,5.37
01/01/2019,31,2,0,31,#REF!,7,331,no,7,331,5.79
04/01/2019,13,1,0,33,#REF!,37,60,no,37,60,4.66
01/01/2019,26,2,160,80,#REF!,6,101,yes,6,101,2.93
02/01/2019,10,1,0,59,#REF!,3,273,no,3,273,4.3
04/01/2019,37,1,96,74,#REF!,10,44,yes,10,44,2.76
04/01/2019,62,1,16,43,#REF!,5,94,yes,5,94,4.63
04/01/2019,12,1,0,60,#REF!,10,326,no,10,326,4.13
02/01/2019,45,1,10,65,#REF!,4,211,yes,4,211,2.37
02/01/2019,30,2,3,80,#REF!,6,22,no,6,22,3.72
05/01/2019,35,2,85,59,#REF!,3,106,yes,3,106,3.66
01/01/2019,36,2,0,80,#REF!,7,61,no,7,61,3.13
03/01/2019,1,1,120,34,#REF!,26,75,yes,26,75,4.62
02/01/2019,15,1,4,45,#REF!,1,172,no,1,172,5.43
04/01/2019,19,2,0,70,#REF!,10,131,no,10,131,3.12
04/01/2019,44,1,76,62,#REF!,3,170,yes,3,170,3.02
04/01/2019,5,1,16,42,#REF!,21,56,yes,21,56,4.11
03/01/2019,11,0,1,29,#REF!,11,75,no,11,75,3.76
02/01/2019,16,2,27,53,#REF!,6,67,yes,6,67,2.74
05/01/2019,17,2,46,32,#REF!,21,35,yes,21,35,4.29
02/01/2019,10,1,2,21,#REF!,6,53,no,6,53,4.08
03/01/2019,27,1,0,16,#REF!,3,71,no,3,71,3.38
02/01/2019,23,1,347,18,#REF!,1,164,yes,1,164,3.57
02/01/2019,24,1,385,60,#REF!,10,277,yes,10,277,4.96
05/01/2019,17,1,0,38,#REF!,12,115,no,12,115,4.54
05/01/2019,32,2,0,47,#REF!,6,56,no,6,56,4.69
04/01/2019,8,2,47,51,#REF!,9,44,yes,9,44,4.02
02/01/2019,25,2,0,49,#REF!,8,66,no,8,66,4.43
02/01/2019,3,1,34,56,#REF!,10,149,yes,10,149,4.06
03/01/2019,9,2,23,56,#REF!,2,56,yes,2,56,4.54
01/01/2019,5,1,0,19,#REF!,5,133,no,5,133,3.45
03/01/2019,8,2,0,41,#REF!,13,97,no,13,97,4.65
03/01/2019,25,2,85,80,#REF!,4,247,yes,4,247,2.62
03/01/2019,8,2,0,16,#REF!,10,223,no,10,223,4.43
02/01/2019,14,1,56,60,#REF!,1,76,yes,1,76,3.5
03/01/2019,1,1,0,51,#REF!,12,40,no,12,40,4.51
05/01/2019,2,0,149,50,#REF!,14,110,yes,14,110,5.4
02/01/2019,6,2,39,38,#REF!,7,52,yes,7,52,4.35
04/01/2019,12,1,0,52,#REF!,5,161,no,5,161,4.12
03/01/2019,32,2,0,46,#REF!,6,31,no,6,31,4.03
01/01/2019,6,1,0,39,#REF!,15,127,no,15,127,5.69
03/01/2019,8,1,6,37,#REF!,15,75,yes,15,75,5.35
05/01/2019,19,1,0,53,#REF!,1,53,no,1,53,4.24
02/01/2019,36,2,31,36,#REF!,2,323,yes,2,323,5.82
05/01/2019,18,1,0,30,#REF!,17,24,no,17,24,4.17
02/01/2019,13,1,25,54,#REF!,2,630,yes,2,630,4.03
03/01/2019,2,1,3,38,#REF!,18,81,no,18,81,4.52
03/01/2019,48,0,0,59,#REF!,1,89,no,1,89,4.58
02/01/2019,29,1,0,41,#REF!,9,175,no,9,175,4.8
04/01/2019,6,1,56,37,#REF!,17,156,yes,17,156,4.09
03/01/2019,4,1,138,45,#REF!,7,74,yes,7,74,3.67
04/01/2019,12,2,210,53,#REF!,4,91,yes,4,91,5.06
03/01/2019,49,1,100,77,#REF!,10,243,yes,10,243,2.32
03/01/2019,17,1,0,44,#REF!,8,23,no,8,23,4.38
03/01/2019,16,1,49,45,#REF!,5,187,yes,5,187,2.27
05/01/2019,14,1,176,55,#REF!,3,28,yes,3,28,3
02/01/2019,24,1,33,32,#REF!,12,172,yes,12,172,3.49
05/01/2019,39,1,28,72,#REF!,2,115,yes,2,115,2.86
03/01/2019,1,1,215,39,#REF!,8,73,yes,8,73,3.43
01/01/2019,8,1,0,24,#REF!,26,163,no,26,163,4.89
05/01/2019,24,1,105,51,#REF!,5,191,yes,5,191,4.05
05/01/2019,7,1,0,45,#REF!,5,104,no,5,104,3.12
05/01/2019,60,1,0,54,#REF!,10,216,no,10,216,1.89
03/01/2019,21,2,17,36,#REF!,38,90,yes,38,90,4.37
05/01/2019,8,1,179,33,#REF!,6,132,yes,6,132,4.48
02/01/2019,10,1,11,35,#REF!,2,42,yes,2,42,2.45
03/01/2019,32,2,121,65,#REF!,3,160,yes,3,160,2.52
03/01/2019,29,1,157,37,#REF!,10,151,yes,10,151,2.55
03/01/2019,12,1,148,31,#REF!,2,309,yes,2,309,4.97
02/01/2019,18,2,0,46,#REF!,1,113,no,1,113,4.56
05/01/2019,26,1,15,50,#REF!,19,138,yes,19,138,1.67
02/01/2019,20,2,0,79,#REF!,4,132,no,4,132,2.42
03/01/2019,13,1,8,77,#REF!,4,34,yes,4,34,2.29
02/01/2019,21,2,84,59,#REF!,7,80,yes,7,80,5.17
03/01/2019,8,1,53,36,#REF!,4,51,yes,4,51,4.6
05/01/2019,1,1,60,53,#REF!,7,63,yes,7,63,5.88
04/01/2019,12,2,23,43,#REF!,1,143,yes,1,143,3.26
05/01/2019,1,1,55,42,#REF!,10,49,yes,10,49,4.55
05/01/2019,31,1,0,29,#REF!,7,120,no,7,120,4.65
01/01/2019,29,2,0,25,#REF!,8,146,no,8,146,3.22
01/01/2019,23,1,162,18,#REF!,15,282,yes,15,282,3.96
01/01/2019,3,1,4,50,#REF!,3,105,no,3,105,4.79
05/01/2019,33,2,0,63,#REF!,2,121,no,2,121,2.6
01/01/2019,16,2,86,25,#REF!,1,161,yes,1,161,3.84
04/01/2019,14,2,7,28,#REF!,18,149,yes,18,149,3.41
02/01/2019,12,1,32,85,#REF!,3,48,yes,3,48,2.98
04/01/2019,35,1,84,50,#REF!,23,300,yes,23,300,4.46
02/01/2019,14,2,158,52,#REF!,1,43,yes,1,43,2.38
03/01/2019,15,1,0,64,#REF!,3,41,no,3,41,4.85
01/01/2019,2,1,17,35,#REF!,6,132,yes,6,132,4.9
01/01/2019,16,2,0,44,#REF!,2,111,no,2,111,4.16
04/01/2019,35,1,0,28,#REF!,5,122,no,5,122,4.63
01/01/2019,3,1,4,28,#REF!,3,65,no,3,65,4.77
01/01/2019,23,1,4,65,#REF!,6,102,no,6,102,1.91
05/01/2019,44,1,18,80,#REF!,6,44,yes,6,44,2.18
03/01/2019,26,1,27,21,#REF!,6,155,yes,6,155,4.43
03/01/2019,14,1,38,34,#REF!,1,130,yes,1,130,4.26
04/01/2019,27,2,58,33,#REF!,3,91,yes,3,91,1.95
03/01/2019,41,1,49,37,#REF!,23,33,yes,23,33,4.74
03/01/2019,7,1,0,30,#REF!,1,210,no,1,210,4.74
01/01/2019,18,2,0,20,#REF!,5,157,no,5,157,4.32
02/01/2019,1,1,0,30,#REF!,7,234,no,7,234,3.78
05/01/2019,10,1,58,28,#REF!,3,88,yes,3,88,5.43
01/01/2019,20,1,0,16,#REF!,4,117,no,4,117,4.37
05/01/2019,31,2,0,22,#REF!,3,54,no,3,54,3.5
04/01/2019,6,2,95,44,#REF!,3,74,yes,3,74,4.45
04/01/2019,8,2,7,53,#REF!,3,104,yes,3,104,3.26
05/01/2019,12,1,0,40,#REF!,29,54,no,29,54,4.2
02/01/2019,24,2,0,50,#REF!,5,141,no,5,141,5.39
05/01/2019,16,2,169,48,#REF!,9,19,yes,9,19,3.11
01/01/2019,32,1,0,70,#REF!,4,40,no,4,40,3.88
05/01/2019,13,1,0,17,#REF!,5,37,no,5,37,4.81
04/01/2019,24,1,0,52,#REF!,26,218,no,26,218,5.58
02/01/2019,8,1,0,54,#REF!,4,105,no,4,105,3.25
03/01/2019,16,1,5,30,#REF!,4,81,no,4,81,4.24
01/01/2019,2,1,1,85,#REF!,9,34,no,9,34,2.58
03/01/2019,12,2,14,44,#REF!,5,131,yes,5,131,3.2
03/01/2019,32,2,0,31,#REF!,9,126,no,9,126,2.37
01/01/2019,32,1,21,47,#REF!,26,366,yes,26,366,3.8
02/01/2019,20,1,11,67,#REF!,1,36,yes,1,36,2.16
03/01/2019,16,1,20,34,#REF!,4,70,yes,4,70,3.67
03/01/2019,7,1,18,17,#REF!,2,62,yes,2,62,3.57
04/01/2019,19,1,0,72,#REF!,9,51,no,9,51,4.65
05/01/2019,37,2,113,43,#REF!,8,67,yes,8,67,4.54
01/01/2019,8,1,27,36,#REF!,37,87,yes,37,87,5.08
02/01/2019,36,2,103,42,#REF!,1,54,yes,1,54,3.54
01/01/2019,8,1,0,43,#REF!,7,146,no,7,146,4.36
04/01/2019,16,2,0,25,#REF!,35,58,no,35,58,3.31
05/01/2019,4,1,68,62,#REF!,7,129,yes,7,129,4.86
05/01/2019,35,1,50,40,#REF!,14,56,yes,14,56,2.93
05/01/2019,15,1,0,39,#REF!,16,44,no,16,44,5.01
03/01/2019,24,1,2,29,#REF!,2,114,no,2,114,4.55
04/01/2019,6,2,0,32,#REF!,9,281,no,9,281,4.73
01/01/2019,31,1,0,67,#REF!,6,89,no,6,89,5.39
04/01/2019,16,1,0,24,#REF!,3,92,no,3,92,4.51
05/01/2019,4,1,180,15,#REF!,6,92,yes,6,92,2.57
03/01/2019,12,1,44,38,#REF!,8,79,yes,8,79,5.65
03/01/2019,29,2,322,25,#REF!,1,73,yes,1,73,3.1
03/01/2019,10,2,19,73,#REF!,3,72,yes,3,72,2.44
03/01/2019,1,1,0,44,#REF!,19,59,no,19,59,4.85
01/01/2019,32,1,145,33,#REF!,9,121,yes,9,121,3.6
03/01/2019,1,0,0,53,#REF!,8,80,no,8,80,4.67
03/01/2019,26,1,0,21,#REF!,14,124,no,14,124,3.87
03/01/2019,1,0,78,39,#REF!,8,63,yes,8,63,4.43
05/01/2019,12,1,208,56,#REF!,4,168,yes,4,168,2.65
05/01/2019,46,1,57,57,#REF!,5,45,yes,5,45,4.5
02/01/2019,10,2,41,58,#REF!,5,51,yes,5,51,3.28
01/01/2019,1,1,3,59,#REF!,3,91,no,3,91,3.72
05/01/2019,19,1,64,69,#REF!,1,86,yes,1,86,3.34
03/01/2019,3,1,0,40,#REF!,62,250,no,62,250,4.75
02/01/2019,22,2,0,20,#REF!,4,75,no,4,75,3.02
01/01/2019,28,2,54,36,#REF!,32,134,yes,32,134,4.36
02/01/2019,20,1,66,65,#REF!,3,66,yes,3,66,1.98
03/01/2019,17,2,78,73,#REF!,8,272,yes,8,272,2.34
01/01/2019,40,2,9,65,#REF!,10,89,yes,10,89,1.53
02/01/2019,4,1,9,29,#REF!,16,84,yes,16,84,2.49
03/01/2019,12,1,0,30,#REF!,2,225,no,2,225,4.78
01/01/2019,8,1,0,31,#REF!,13,29,no,13,29,4.27
04/01/2019,8,1,0,25,#REF!,6,184,no,6,184,4.17
03/01/2019,31,1,0,43,#REF!,8,41,no,8,41,4.21
04/01/2019,18,2,125,50,#REF!,4,69,yes,4,69,4.81
05/01/2019,27,1,34,40,#REF!,5,166,yes,5,166,3.46
04/01/2019,19,0,18,35,#REF!,24,97,yes,24,97,4.2
05/01/2019,8,1,0,60,#REF!,3,113,no,3,113,5.16
03/01/2019,20,2,403,37,#REF!,13,35,yes,13,35,2.37
02/01/2019,27,2,2,46,#REF!,3,73,no,3,73,2.45
03/01/2019,1,1,10,38,#REF!,11,45,yes,11,45,5.49
05/01/2019,1,1,51,40,#REF!,14,74,yes,14,74,4.02
04/01/2019,6,1,114,40,#REF!,11,171,yes,11,171,5.48
04/01/2019,32,1,8,58,#REF!,1,46,yes,1,46,5.54
03/01/2019,11,2,59,33,#REF!,11,69,yes,11,69,2.38
03/01/2019,9,1,0,57,#REF!,8,48,no,8,48,5.93
03/01/2019,16,2,58,41,#REF!,21,71,yes,21,71,5.87
03/01/2019,1,2,0,15,#REF!,9,38,no,9,38,2.43
02/01/2019,8,1,49,26,#REF!,91,64,yes,91,64,2.1
02/01/2019,6,1,63,67,#REF!,9,84,yes,9,84,2.55
03/01/2019,34,2,96,61,#REF!,1,104,yes,1,104,2.53
05/01/2019,1,1,39,62,#REF!,2,54,yes,2,54,4.66
02/01/2019,16,0,0,41,#REF!,9,43,no,9,43,4.92
03/01/2019,35,1,0,80,#REF!,6,61,no,6,61,3.14
04/01/2019,32,1,0,20,#REF!,21,59,no,21,59,3.78
04/01/2019,31,2,0,66,#REF!,2,277,no,2,277,3.03
05/01/2019,9,1,0,22,#REF!,4,47,no,4,47,4.56
02/01/2019,51,2,12,85,#REF!,8,90,yes,8,90,2.45
02/01/2019,10,1,0,34,#REF!,43,64,no,43,64,4.76
03/01/2019,13,1,3,45,#REF!,8,64,no,8,64,4.26
03/01/2019,34,2,170,73,#REF!,3,87,yes,3,87,2.7
05/01/2019,38,1,48,64,#REF!,3,33,yes,3,33,2.19
02/01/2019,8,1,24,47,#REF!,4,52,yes,4,52,4.95
01/01/2019,14,1,24,33,#REF!,2,62,yes,2,62,4.21
02/01/2019,29,2,30,68,#REF!,9,194,yes,9,194,4.71
05/01/2019,12,1,7,28,#REF!,14,131,yes,14,131,4.97
01/01/2019,45,2,0,47,#REF!,9,129,no,9,129,2.31
05/01/2019,8,2,33,25,#REF!,9,60,yes,9,60,4.41
05/01/2019,3,2,11,54,#REF!,1,39,yes,1,39,4.37
01/01/2019,9,1,0,39,#REF!,19,126,no,19,126,3.33
02/01/2019,39,1,15,35,#REF!,5,70,yes,5,70,4.55
04/01/2019,16,2,42,15,#REF!,6,102,yes,6,102,3.71
03/01/2019,28,2,77,59,#REF!,8,79,yes,8,79,2.38
01/01/2019,41,1,134,27,#REF!,2,75,yes,2,75,3.26
01/01/2019,24,1,183,31,#REF!,18,85,yes,18,85,3.77
02/01/2019,23,1,0,67,#REF!,1,76,no,1,76,3.69
01/01/2019,43,2,10,49,#REF!,2,80,yes,2,80,3.57
05/01/2019,30,1,0,70,#REF!,7,57,no,7,57,2.96
01/01/2019,8,1,71,17,#REF!,10,109,yes,10,109,3.74
05/01/2019,31,1,0,38,#REF!,2,182,no,2,182,2.23
01/01/2019,8,1,39,34,#REF!,33,319,yes,33,319,5.08
04/01/2019,1,2,0,29,#REF!,41,48,no,41,48,4.11
02/01/2019,27,2,50,48,#REF!,6,51,yes,6,51,4.86
05/01/2019,22,2,0,36,#REF!,9,139,no,9,139,3.28
02/01/2019,48,2,101,80,#REF!,10,127,yes,10,127,2.02
01/01/2019,31,1,0,40,#REF!,4,91,no,4,91,3.09
03/01/2019,11,1,0,61,#REF!,5,132,no,5,132,3.01
05/01/2019,25,1,471,48,#REF!,5,201,yes,5,201,3.4
05/01/2019,48,2,66,73,#REF!,5,110,yes,5,110,1.11
03/01/2019,46,0,56,35,#REF!,23,238,yes,23,238,2.72
04/01/2019,34,1,17,74,#REF!,1,64,yes,1,64,2.5
04/01/2019,25,2,24,72,#REF!,5,104,yes,5,104,2.3
05/01/2019,4,1,155,38,#REF!,4,53,yes,4,53,2.14
04/01/2019,2,2,3,31,#REF!,12,286,no,12,286,3.83
04/01/2019,14,1,0,37,#REF!,9,135,no,9,135,4.95
03/01/2019,21,1,20,73,#REF!,4,126,yes,4,126,3.08
01/01/2019,11,1,0,38,#REF!,5,95,no,5,95,5.63
04/01/2019,16,1,29,38,#REF!,5,23,yes,5,23,4.58
01/01/2019,13,2,5,45,#REF!,11,78,no,11,78,5.86
05/01/2019,28,1,45,27,#REF!,1,111,yes,1,111,4.92
02/01/2019,11,2,9,31,#REF!,15,128,yes,15,128,3.53
04/01/2019,22,2,32,33,#REF!,3,130,yes,3,130,4.55
03/01/2019,40,2,35,17,#REF!,4,281,yes,4,281,2.05
04/01/2019,22,2,4,38,#REF!,20,197,no,20,197,2.59
04/01/2019,4,1,35,50,#REF!,1,157,yes,1,157,5.68
03/01/2019,1,1,18,20,#REF!,32,45,yes,32,45,3.85
03/01/2019,17,1,0,80,#REF!,1,43,no,1,43,3.88
05/01/2019,44,2,0,19,#REF!,6,162,no,6,162,3.85
05/01/2019,1,1,0,18,#REF!,3,41,no,3,41,3.55
05/01/2019,34,1,0,41,#REF!,14,211,no,14,211,4.2
01/01/2019,9,1,1,34,#REF!,8,129,no,8,129,5.57
03/01/2019,66,1,175,50,#REF!,6,217,yes,6,217,4.77
04/01/2019,9,1,0,45,#REF!,7,66,no,7,66,5.6
04/01/2019,37,1,0,73,#REF!,1,121,no,1,121,4.19
02/01/2019,19,1,3,17,#REF!,31,50,no,31,50,3.56
04/01/2019,30,1,11,65,#REF!,5,145,yes,5,145,4.88
04/01/2019,26,1,37,55,#REF!,9,34,yes,9,34,4.47
04/01/2019,13,1,0,36,#REF!,8,169,no,8,169,3.77
01/01/2019,9,1,43,47,#REF!,10,141,yes,10,141,5.77
05/01/2019,5,1,0,55,#REF!,6,37,no,6,37,4.67
02/01/2019,8,1,161,41,#REF!,5,76,yes,5,76,5.36
03/01/2019,1,1,21,17,#REF!,2,344,yes,2,344,3.77
04/01/2019,17,1,14,51,#REF!,3,56,yes,3,56,2.14
05/01/2019,5,1,4,58,#REF!,18,142,no,18,142,4.79
04/01/2019,7,2,11,40,#REF!,22,140,yes,22,140,2.89
01/01/2019,36,1,53,66,#REF!,10,43,yes,10,43,3.43
04/01/2019,10,1,11,41,#REF!,4,99,yes,4,99,3.33
05/01/2019,1,1,84,25,#REF!,10,52,yes,10,52,3.01
02/01/2019,4,1,10,42,#REF!,20,254,yes,20,254,1.36
04/01/2019,5,1,12,25,#REF!,8,18,yes,8,18,4.44
05/01/2019,10,1,156,33,#REF!,3,63,yes,3,63,3.24
01/01/2019,18,1,10,61,#REF!,1,57,yes,1,57,2.45
05/01/2019,25,1,0,43,#REF!,6,49,no,6,49,4.36
05/01/2019,38,2,54,80,#REF!,8,87,yes,8,87,2.36
04/01/2019,11,1,0,20,#REF!,7,138,no,7,138,4.33
04/01/2019,6,1,0,36,#REF!,15,101,no,15,101,3.76
02/01/2019,13,2,0,68,#REF!,6,262,no,6,262,4.95
02/01/2019,37,1,46,78,#REF!,7,80,yes,7,80,2.78
03/01/2019,10,1,32,48,#REF!,5,44,yes,5,44,4.61
03/01/2019,16,1,0,57,#REF!,2,266,no,2,266,4.6
02/01/2019,17,2,85,60,#REF!,6,133,yes,6,133,3.08
02/01/2019,41,2,2,17,#REF!,8,168,no,8,168,3.66
03/01/2019,7,1,0,36,#REF!,11,91,no,11,91,5.28
02/01/2019,14,1,0,40,#REF!,7,120,no,7,120,3.77
03/01/2019,23,2,22,62,#REF!,7,69,yes,7,69,5.02
01/01/2019,1,1,134,59,#REF!,3,88,yes,3,88,5.74
01/01/2019,12,1,11,42,#REF!,39,119,yes,39,119,4.62
03/01/2019,30,0,23,16,#REF!,10,93,yes,10,93,3.97
03/01/2019,17,1,62,37,#REF!,1,88,yes,1,88,4.31
01/01/2019,18,1,0,39,#REF!,2,65,no,2,65,5.09
05/01/2019,11,1,10,18,#REF!,9,52,yes,9,52,3.41
04/01/2019,38,1,0,30,#REF!,11,84,no,11,84,2.21
05/01/2019,22,2,38,85,#REF!,1,67,yes,1,67,2.46
04/01/2019,3,1,0,20,#REF!,3,53,no,3,53,4.56
05/01/2019,3,1,14,48,#REF!,9,96,yes,9,96,2.98
02/01/2019,8,2,1,58,#REF!,10,75,no,10,75,4.72
04/01/2019,43,1,0,27,#REF!,5,42,no,5,42,4
02/01/2019,19,2,34,31,#REF!,2,176,yes,2,176,3.98
01/01/2019,55,0,0,38,#REF!,19,42,no,19,42,4.31
03/01/2019,16,1,6,55,#REF!,3,108,yes,3,108,4.9
01/01/2019,14,1,0,44,#REF!,19,33,no,19,33,4.26
02/01/2019,9,1,0,58,#REF!,6,50,no,6,50,5.98
03/01/2019,56,1,37,56,#REF!,9,164,yes,9,164,1.89
02/01/2019,35,2,0,30,#REF!,6,87,no,6,87,4.13
04/01/2019,5,1,43,23,#REF!,2,36,yes,2,36,3.91
01/01/2019,2,1,0,16,#REF!,9,67,no,9,67,3.69
02/01/2019,25,2,1,29,#REF!,14,303,no,14,303,4.09
05/01/2019,23,1,24,32,#REF!,1,39,yes,1,39,4.36
01/01/2019,17,1,33,55,#REF!,6,43,yes,6,43,4.7
02/01/2019,4,1,0,40,#REF!,3,143,no,3,143,4.52
03/01/2019,8,1,0,53,#REF!,9,83,no,9,83,4.02
01/01/2019,1,1,11,48,#REF!,24,83,yes,24,83,4.47
05/01/2019,17,1,20,50,#REF!,4,52,yes,4,52,4.89
05/01/2019,25,2,12,51,#REF!,8,109,yes,8,109,2.78
03/01/2019,9,1,0,39,#REF!,9,72,no,9,72,4.63
05/01/2019,45,2,42,78,#REF!,4,155,yes,4,155,2.53
01/01/2019,58,1,0,76,#REF!,10,55,no,10,55,3.58
05/01/2019,1,1,85,49,#REF!,20,53,yes,20,53,5.03
01/01/2019,37,2,0,20,#REF!,7,189,no,7,189,3.24
04/01/2019,25,2,47,41,#REF!,2,70,yes,2,70,3.07
03/01/2019,12,2,100,33,#REF!,2,70,yes,2,70,5.16
04/01/2019,40,1,43,68,#REF!,4,107,yes,4,107,2.35
04/01/2019,38,1,0,74,#REF!,6,118,no,6,118,2.04
01/01/2019,4,1,0,51,#REF!,7,80,no,7,80,4.9
01/01/2019,12,1,0,51,#REF!,8,213,no,8,213,3.72
04/01/2019,26,1,117,69,#REF!,3,154,yes,3,154,3.65
01/01/2019,17,1,91,39,#REF!,4,76,yes,4,76,4.54
03/01/2019,33,1,6,41,#REF!,18,121,yes,18,121,4.14
01/01/2019,39,1,0,35,#REF!,2,20,no,2,20,5.79
05/01/2019,14,1,37,58,#REF!,3,72,yes,3,72,3.51
01/01/2019,18,2,6,19,#REF!,9,122,yes,9,122,4.45
03/01/2019,37,2,45,50,#REF!,5,48,yes,5,48,3.76
01/01/2019,10,2,0,38,#REF!,23,118,no,23,118,4.62
02/01/2019,9,1,0,18,#REF!,7,50,no,7,50,4.05
02/01/2019,6,2,13,16,#REF!,5,52,yes,5,52,2.24
03/01/2019,24,1,10,46,#REF!,27,318,yes,27,318,5.91
03/01/2019,20,1,7,67,#REF!,9,205,yes,9,205,3.35
04/01/2019,3,1,0,56,#REF!,3,195,no,3,195,5.74
02/01/2019,9,1,1,24,#REF!,5,54,no,5,54,3.19
05/01/2019,14,2,54,39,#REF!,9,115,yes,9,115,5.73
04/01/2019,21,2,29,37,#REF!,13,60,yes,13,60,5.52
03/01/2019,7,1,13,18,#REF!,8,159,yes,8,159,3.83
01/01/2019,27,1,17,57,#REF!,4,106,yes,4,106,3.11
05/01/2019,38,1,54,45,#REF!,9,149,yes,9,149,4.51
02/01/2019,16,1,13,51,#REF!,7,215,yes,7,215,3.22
02/01/2019,17,1,30,56,#REF!,7,95,yes,7,95,3.06
05/01/2019,14,2,0,50,#REF!,1,50,no,1,50,3.31
05/01/2019,23,1,0,33,#REF!,18,172,no,18,172,3.15
01/01/2019,26,1,0,64,#REF!,8,75,no,8,75,2.26
04/01/2019,17,2,7,40,#REF!,10,126,yes,10,126,4.31
03/01/2019,1,1,0,48,#REF!,5,70,no,5,70,4.4
01/01/2019,3,1,0,54,#REF!,7,103,no,7,103,5.85
01/01/2019,13,1,6,56,#REF!,10,36,yes,10,36,4.24
02/01/2019,16,1,0,36,#REF!,17,20,no,17,20,3.7
03/01/2019,16,1,183,49,#REF!,3,53,yes,3,53,2.1
04/01/2019,36,2,0,41,#REF!,9,32,no,9,32,3.71
03/01/2019,40,1,124,62,#REF!,8,60,yes,8,60,4.22
03/01/2019,22,2,9,80,#REF!,5,191,yes,5,191,2.89
03/01/2019,13,1,5,33,#REF!,9,22,no,9,22,4.92
01/01/2019,21,1,10,35,#REF!,5,46,yes,5,46,2.98
01/01/2019,8,1,0,48,#REF!,21,314,no,21,314,5.68
02/01/2019,11,1,0,30,#REF!,8,88,no,8,88,4.64
01/01/2019,11,1,72,21,#REF!,9,83,yes,9,83,2.9
01/01/2019,35,1,49,45,#REF!,33,203,yes,33,203,3.01
03/01/2019,27,0,0,35,#REF!,6,46,no,6,46,4.08
01/01/2019,14,2,0,40,#REF!,4,52,no,4,52,4.1
03/01/2019,10,1,4,16,#REF!,3,83,no,3,83,4.31
01/01/2019,16,2,0,22,#REF!,1,117,no,1,117,4.61
05/01/2019,16,1,46,39,#REF!,17,96,yes,17,96,2.44
03/01/2019,11,2,3,66,#REF!,1,88,no,1,88,4.1
01/01/2019,10,2,25,29,#REF!,4,57,yes,4,57,4.01
02/01/2019,12,2,0,38,#REF!,4,221,no,4,221,4
01/01/2019,38,1,0,66,#REF!,10,78,no,10,78,4.98
04/01/2019,11,1,23,34,#REF!,29,158,yes,29,158,3.81
02/01/2019,9,2,0,26,#REF!,21,84,no,21,84,2.51
03/01/2019,1,2,0,45,#REF!,5,48,no,5,48,4.47
05/01/2019,1,1,76,68,#REF!,1,124,yes,1,124,4.82
05/01/2019,24,2,32,33,#REF!,22,352,yes,22,352,3.74
03/01/2019,12,2,0,55,#REF!,1,98,no,1,98,4.03
03/01/2019,24,1,34,52,#REF!,10,188,yes,10,188,2.74
02/01/2019,8,1,0,43,#REF!,6,98,no,6,98,5.09
01/01/2019,15,1,56,48,#REF!,29,122,yes,29,122,2.34
02/01/2019,4,2,12,22,#REF!,44,337,yes,44,337,3.85
01/01/2019,25,2,0,47,#REF!,15,169,no,15,169,2.38
03/01/2019,41,1,24,64,#REF!,9,57,yes,9,57,2.47
04/01/2019,25,1,0,31,#REF!,3,59,no,3,59,2.54
04/01/2019,39,1,0,80,#REF!,2,28,no,2,28,3.2
02/01/2019,11,1,48,67,#REF!,1,31,yes,1,31,3.33
05/01/2019,3,1,2,34,#REF!,5,77,no,5,77,4.31
02/01/2019,24,1,106,22,#REF!,19,106,yes,19,106,3.19
02/01/2019,44,1,210,85,#REF!,5,151,yes,5,151,2.87
01/01/2019,10,1,31,50,#REF!,11,39,yes,11,39,4.14
03/01/2019,24,1,5,61,#REF!,1,76,no,1,76,3.03
01/01/2019,31,2,64,51,#REF!,9,144,yes,9,144,3.09
03/01/2019,19,1,0,49,#REF!,1,74,no,1,74,5.29
05/01/2019,30,1,14,17,#REF!,3,101,yes,3,101,3.61
04/01/2019,11,1,0,72,#REF!,2,215,no,2,215,4.73
05/01/2019,3,1,105,48,#REF!,5,33,yes,5,33,3.14
02/01/2019,16,1,7,56,#REF!,10,46,yes,10,46,5.15
04/01/2019,8,2,6,33,#REF!,15,61,yes,15,61,2.98
03/01/2019,33,2,17,27,#REF!,9,55,yes,9,55,3.92
03/01/2019,6,1,34,35,#REF!,7,88,yes,7,88,3.07
02/01/2019,25,2,22,44,#REF!,25,40,yes,25,40,4.07
01/01/2019,18,1,0,73,#REF!,7,110,no,7,110,3.3
01/01/2019,14,1,3,33,#REF!,32,51,no,32,51,4.96
03/01/2019,19,1,0,34,#REF!,23,41,no,23,41,4.45
05/01/2019,10,2,130,60,#REF!,7,233,yes,7,233,2.61
01/01/2019,5,1,29,32,#REF!,10,81,yes,10,81,4.95
03/01/2019,18,1,1,65,#REF!,10,57,no,10,57,4.3
02/01/2019,3,2,0,48,#REF!,7,136,no,7,136,3.26
01/01/2019,26,1,5,37,#REF!,16,140,no,16,140,4.78
02/01/2019,28,2,111,80,#REF!,2,57,yes,2,57,2.3
02/01/2019,1,0,11,24,#REF!,6,54,yes,6,54,2.5
04/01/2019,23,1,19,45,#REF!,10,74,yes,10,74,4.97
03/01/2019,25,2,0,35,#REF!,39,127,no,39,127,4.96
05/01/2019,9,1,40,41,#REF!,19,41,yes,19,41,5.02
02/01/2019,3,1,0,35,#REF!,22,114,no,22,114,4.47
02/01/2019,25,1,1,54,#REF!,10,76,no,10,76,3.39
04/01/2019,33,2,64,46,#REF!,6,360,yes,6,360,2.65
02/01/2019,27,0,0,20,#REF!,3,141,no,3,141,4.27
04/01/2019,10,1,116,33,#REF!,8,121,yes,8,121,4.96
05/01/2019,21,1,41,60,#REF!,6,80,yes,6,80,2.88
04/01/2019,48,2,0,48,#REF!,5,160,no,5,160,2.58
01/01/2019,33,2,3,80,#REF!,1,129,no,1,129,2.32
04/01/2019,9,1,43,33,#REF!,20,58,yes,20,58,3.17
01/01/2019,41,2,15,35,#REF!,9,46,yes,9,46,4.38
03/01/2019,37,1,13,53,#REF!,8,239,yes,8,239,2.61
04/01/2019,6,1,5,66,#REF!,9,56,no,9,56,4.52
02/01/2019,19,1,0,54,#REF!,2,148,no,2,148,4.05
02/01/2019,31,1,30,46,#REF!,8,19,yes,8,19,3.94
02/01/2019,26,1,31,62,#REF!,5,86,yes,5,86,4.73
04/01/2019,20,1,52,51,#REF!,1,66,yes,1,66,5.06
05/01/2019,18,1,12,57,#REF!,7,62,yes,7,62,4.57
03/01/2019,2,1,111,52,#REF!,5,152,yes,5,152,5.17
04/01/2019,37,2,17,41,#REF!,9,85,yes,9,85,4.57
01/01/2019,4,1,0,45,#REF!,19,206,no,19,206,4.69
01/01/2019,36,1,247,80,#REF!,3,163,yes,3,163,2.98
02/01/2019,11,1,0,34,#REF!,9,86,no,9,86,5.77
02/01/2019,1,1,0,39,#REF!,24,247,no,24,247,3.85
04/01/2019,31,1,19,41,#REF!,10,137,yes,10,137,3.72
04/01/2019,24,1,0,85,#REF!,7,87,no,7,87,3.94
04/01/2019,27,2,1,24,#REF!,10,118,no,10,118,4.97
05/01/2019,19,1,61,64,#REF!,9,118,yes,9,118,3.6
05/01/2019,24,1,34,18,#REF!,4,261,yes,4,261,3.37
02/01/2019,5,1,47,50,#REF!,5,74,yes,5,74,1.61
02/01/2019,1,1,10,52,#REF!,7,122,yes,7,122,5.56
02/01/2019,27,1,0,49,#REF!,8,91,no,8,91,4.87
05/01/2019,27,1,111,74,#REF!,2,220,yes,2,220,3.33
02/01/2019,21,1,7,34,#REF!,42,111,yes,42,111,3.48
05/01/2019,37,1,2,67,#REF!,2,87,no,2,87,3.43
04/01/2019,21,1,0,15,#REF!,17,101,no,17,101,3.2
03/01/2019,19,1,38,74,#REF!,10,168,yes,10,168,2.72
04/01/2019,26,1,0,66,#REF!,7,110,no,7,110,3.11
02/01/2019,25,2,32,16,#REF!,5,113,yes,5,113,3.99
03/01/2019,16,1,104,58,#REF!,2,110,yes,2,110,4.78
04/01/2019,36,1,7,80,#REF!,3,94,yes,3,94,3.25
05/01/2019,23,1,7,20,#REF!,9,28,yes,9,28,3.23
05/01/2019,17,1,85,32,#REF!,26,131,yes,26,131,5.58
04/01/2019,12,1,5,33,#REF!,9,121,no,9,121,4.89
03/01/2019,10,3,6,39,#REF!,5,39,yes,5,39,5.22
02/01/2019,5,1,0,28,#REF!,3,53,no,3,53,4.5
01/01/2019,16,1,0,80,#REF!,3,86,no,3,86,2.32
05/01/2019,45,2,0,18,#REF!,1,130,no,1,130,4.79
02/01/2019,21,2,226,32,#REF!,5,52,yes,5,52,4.01
02/01/2019,6,1,11,50,#REF!,14,178,yes,14,178,4.54
02/01/2019,26,2,3,17,#REF!,10,29,no,10,29,3.93
04/01/2019,8,1,9,49,#REF!,9,160,yes,9,160,5.45
02/01/2019,41,2,4,46,#REF!,10,137,no,10,137,3.44
01/01/2019,50,1,0,33,#REF!,5,275,no,5,275,4.94
03/01/2019,8,1,16,37,#REF!,29,65,yes,29,65,5.55
01/01/2019,37,2,4,16,#REF!,3,93,no,3,93,3.17
01/01/2019,14,1,45,32,#REF!,39,242,yes,39,242,4.95
01/01/2019,17,2,32,65,#REF!,9,33,yes,9,33,1.08
01/01/2019,44,1,95,47,#REF!,6,56,yes,6,56,3.25
02/01/2019,57,2,0,63,#REF!,10,46,no,10,46,3.1
01/01/2019,8,1,0,68,#REF!,1,38,no,1,38,4.63
01/01/2019,1,1,0,42,#REF!,7,98,no,7,98,5.06
02/01/2019,16,1,87,60,#REF!,3,63,yes,3,63,3.41
03/01/2019,6,1,8,26,#REF!,5,99,yes,5,99,3.92
04/01/2019,14,1,57,74,#REF!,10,285,yes,10,285,2.06
04/01/2019,22,1,0,48,#REF!,10,94,no,10,94,3.36
03/01/2019,36,1,3,50,#REF!,7,56,no,7,56,3.64
01/01/2019,8,2,0,42,#REF!,7,182,no,7,182,4.27
02/01/2019,38,1,6,65,#REF!,4,327,yes,4,327,2.13
03/01/2019,37,2,0,80,#REF!,2,41,no,2,41,2.18
01/01/2019,8,1,0,69,#REF!,11,63,no,11,63,4.61
01/01/2019,39,1,0,74,#REF!,2,101,no,2,101,4.64
03/01/2019,23,1,0,64,#REF!,6,494,no,6,494,4.73
03/01/2019,8,1,0,28,#REF!,21,69,no,21,69,4.59
01/01/2019,36,1,5,58,#REF!,9,72,no,9,72,2.54
01/01/2019,35,1,0,27,#REF!,6,139,no,6,139,2.43
01/01/2019,20,2,22,26,#REF!,7,69,yes,7,69,3.93
02/01/2019,16,1,4,32,#REF!,4,176,no,4,176,3.77
04/01/2019,6,1,4,54,#REF!,2,123,no,2,123,4.48
03/01/2019,14,2,51,44,#REF!,20,37,yes,20,37,3.25
04/01/2019,4,2,61,70,#REF!,8,162,yes,8,162,2.84
05/01/2019,11,1,79,48,#REF!,10,50,yes,10,50,5.22
04/01/2019,25,2,14,43,#REF!,19,344,yes,19,344,4.28
03/01/2019,23,1,2,57,#REF!,3,184,no,3,184,3.4
03/01/2019,17,1,189,39,#REF!,29,54,yes,29,54,3.91
02/01/2019,16,1,52,32,#REF!,6,354,yes,6,354,3.3
04/01/2019,8,1,196,55,#REF!,6,118,yes,6,118,5.69
01/01/2019,30,1,1,61,#REF!,1,52,no,1,52,2.07
05/01/2019,22,2,76,70,#REF!,4,52,yes,4,52,3.03
01/01/2019,47,1,22,52,#REF!,9,38,yes,9,38,4.9
01/01/2019,30,2,10,22,#REF!,5,182,yes,5,182,3.53
04/01/2019,20,1,8,65,#REF!,6,71,yes,6,71,3.71
01/01/2019,29,1,77,35,#REF!,10,167,yes,10,167,4
01/01/2019,44,2,2,67,#REF!,4,49,no,4,49,4.94
03/01/2019,12,2,94,75,#REF!,8,267,yes,8,267,3.42
04/01/2019,6,1,1,60,#REF!,14,343,no,14,343,4.84
04/01/2019,5,2,17,26,#REF!,6,123,yes,6,123,4.99
02/01/2019,9,1,138,47,#REF!,8,56,yes,8,56,4.12
02/01/2019,12,1,298,48,#REF!,5,22,yes,5,22,3.14
03/01/2019,14,1,0,19,#REF!,1,35,no,1,35,3.39
04/01/2019,6,1,4,67,#REF!,7,23,no,7,23,4.45
04/01/2019,17,1,13,47,#REF!,9,88,yes,9,88,2.17
05/01/2019,19,1,0,80,#REF!,9,41,no,9,41,1.78
02/01/2019,20,1,0,27,#REF!,21,45,no,21,45,1.08
03/01/2019,43,1,7,46,#REF!,10,75,yes,10,75,5.83
01/01/2019,69,1,2,72,#REF!,1,33,no,1,33,3.52
04/01/2019,26,1,7,61,#REF!,1,61,yes,1,61,1.15
02/01/2019,6,0,1,42,#REF!,3,45,no,3,45,4.06
01/01/2019,35,1,0,66,#REF!,1,130,no,1,130,3.63
02/01/2019,16,1,29,30,#REF!,19,135,yes,19,135,5.69
02/01/2019,12,2,0,31,#REF!,9,87,no,9,87,3.95
01/01/2019,7,1,0,42,#REF!,21,46,no,21,46,4.19
02/01/2019,19,1,0,50,#REF!,3,22,no,3,22,4.89
01/01/2019,4,2,12,45,#REF!,7,67,yes,7,67,5.75
02/01/2019,46,1,0,26,#REF!,6,183,no,6,183,4.86
04/01/2019,13,1,0,63,#REF!,10,54,no,10,54,3.43
03/01/2019,7,0,7,53,#REF!,9,157,yes,9,157,4.24
02/01/2019,1,1,83,54,#REF!,8,40,yes,8,40,2.77
01/01/2019,12,2,0,43,#REF!,9,48,no,9,48,3.58
01/01/2019,6,1,0,61,#REF!,5,96,no,5,96,3.47
03/01/2019,16,1,175,51,#REF!,10,133,yes,10,133,4.29
01/01/2019,22,1,28,49,#REF!,5,107,yes,5,107,4.66
03/01/2019,52,1,0,51,#REF!,5,118,no,5,118,2.78
01/01/2019,16,2,0,55,#REF!,2,61,no,2,61,3.78
02/01/2019,15,1,38,58,#REF!,2,102,yes,2,102,5.93
04/01/2019,9,1,2,55,#REF!,2,355,no,2,355,4.96
04/01/2019,35,1,14,74,#REF!,9,182,yes,9,182,2.33
04/01/2019,6,1,9,52,#REF!,5,52,yes,5,52,3.95
02/01/2019,25,2,0,46,#REF!,12,377,no,12,377,3.06
05/01/2019,10,1,201,25,#REF!,28,189,yes,28,189,3.27
01/01/2019,47,2,32,34,#REF!,1,74,yes,1,74,1.17
05/01/2019,15,1,13,50,#REF!,11,157,yes,11,157,5.65
04/01/2019,8,2,0,71,#REF!,18,404,no,18,404,3
04/01/2019,18,1,42,37,#REF!,25,116,yes,25,116,3.55
04/01/2019,23,1,38,31,#REF!,14,43,yes,14,43,4.42
05/01/2019,11,1,93,28,#REF!,1,147,yes,1,147,4.03
01/01/2019,9,1,8,66,#REF!,6,178,yes,6,178,3.36
01/01/2019,9,3,0,53,#REF!,5,77,no,5,77,4.74
02/01/2019,2,2,27,29,#REF!,17,41,yes,17,41,4.46
04/01/2019,2,2,0,50,#REF!,8,31,no,8,31,2.68
02/01/2019,27,0,0,54,#REF!,1,101,no,1,101,3.21
03/01/2019,1,1,2,26,#REF!,6,123,no,6,123,4.82
04/01/2019,27,1,19,39,#REF!,5,81,yes,5,81,5.66
04/01/2019,8,1,31,34,#REF!,25,267,yes,25,267,5.42
02/01/2019,15,1,0,56,#REF!,2,154,no,2,154,4.11
01/01/2019,40,2,0,20,#REF!,8,29,no,8,29,2.06
02/01/2019,26,1,113,49,#REF!,15,144,yes,15,144,4.51
04/01/2019,20,2,16,41,#REF!,11,151,yes,11,151,4.15
04/01/2019,11,1,65,58,#REF!,6,68,yes,6,68,5.34
04/01/2019,48,2,5,85,#REF!,9,42,no,9,42,2.39
04/01/2019,25,1,53,53,#REF!,6,26,yes,6,26,4.81
02/01/2019,14,1,16,50,#REF!,5,83,yes,5,83,3.94
05/01/2019,12,1,0,35,#REF!,5,66,no,5,66,4.31
01/01/2019,1,1,5,40,#REF!,5,46,no,5,46,4.5
02/01/2019,6,2,91,55,#REF!,9,117,yes,9,117,4.72
04/01/2019,1,1,5,24,#REF!,2,67,no,2,67,4.88
01/01/2019,1,1,80,33,#REF!,7,38,yes,7,38,1.5
02/01/2019,1,1,341,42,#REF!,4,45,yes,4,45,4.4
04/01/2019,27,1,139,24,#REF!,7,90,yes,7,90,3.23
03/01/2019,41,1,46,56,#REF!,9,281,yes,9,281,3.55
01/01/2019,56,1,0,71,#REF!,9,109,no,9,109,2.44
01/01/2019,8,1,0,31,#REF!,8,90,no,8,90,4.65
02/01/2019,17,1,45,54,#REF!,4,128,yes,4,128,2.72
01/01/2019,55,1,0,59,#REF!,5,21,no,5,21,3.83
04/01/2019,13,1,16,49,#REF!,3,274,yes,3,274,3.21
04/01/2019,36,1,126,68,#REF!,7,47,yes,7,47,1.83
01/01/2019,52,1,0,65,#REF!,10,196,no,10,196,3.59
05/01/2019,12,1,4,43,#REF!,8,161,no,8,161,4.93
03/01/2019,14,1,0,56,#REF!,9,131,no,9,131,3.84
01/01/2019,49,1,0,43,#REF!,1,56,no,1,56,4.45
02/01/2019,53,1,0,41,#REF!,5,93,no,5,93,3.5
02/01/2019,4,2,0,39,#REF!,27,305,no,27,305,5.34
04/01/2019,12,1,41,20,#REF!,17,46,yes,17,46,3.41
04/01/2019,23,1,4,39,#REF!,2,57,no,2,57,4.82
05/01/2019,58,1,197,56,#REF!,3,138,yes,3,138,3.77
05/01/2019,18,1,96,34,#REF!,15,126,yes,15,126,3.36
01/01/2019,1,1,0,42,#REF!,10,171,no,10,171,3.46
01/01/2019,12,2,0,80,#REF!,7,53,no,7,53,3.57
03/01/2019,13,1,2,44,#REF!,2,119,no,2,119,4.32
01/01/2019,40,1,0,62,#REF!,3,130,no,3,130,2.33
02/01/2019,62,1,88,28,#REF!,8,123,yes,8,123,3.07
05/01/2019,25,1,157,53,#REF!,10,49,yes,10,49,4.99
02/01/2019,55,2,0,52,#REF!,10,211,no,10,211,4.68
02/01/2019,30,1,60,56,#REF!,7,71,yes,7,71,3.06
05/01/2019,1,1,59,47,#REF!,35,84,yes,35,84,5.36
02/01/2019,7,1,128,37,#REF!,26,163,yes,26,163,4.89
02/01/2019,32,1,0,73,#REF!,8,255,no,8,255,2.83
05/01/2019,2,1,55,31,#REF!,7,237,yes,7,237,3.49
01/01/2019,42,2,22,42,#REF!,2,198,yes,2,198,4.15
03/01/2019,4,1,0,21,#REF!,10,103,no,10,103,3.1
01/01/2019,21,1,46,16,#REF!,4,33,yes,4,33,3.51
05/01/2019,54,2,28,66,#REF!,7,139,yes,7,139,2.16
02/01/2019,27,1,0,15,#REF!,10,71,no,10,71,3.51
03/01/2019,37,1,187,23,#REF!,3,270,yes,3,270,3.04
05/01/2019,28,2,76,44,#REF!,4,70,yes,4,70,4.28
04/01/2019,4,1,381,47,#REF!,15,95,yes,15,95,4.1
02/01/2019,22,1,14,39,#REF!,2,158,yes,2,158,3.08
04/01/2019,10,1,156,34,#REF!,10,127,yes,10,127,5.37
01/01/2019,19,1,25,17,#REF!,3,281,yes,3,281,2.24
04/01/2019,1,1,0,44,#REF!,57,65,no,57,65,5.09
05/01/2019,21,1,0,31,#REF!,11,220,no,11,220,1.18
02/01/2019,2,1,0,37,#REF!,26,72,no,26,72,4.57
04/01/2019,22,1,0,24,#REF!,6,87,no,6,87,4.88
02/01/2019,1,2,91,56,#REF!,4,32,yes,4,32,4.63
05/01/2019,20,0,10,28,#REF!,8,130,yes,8,130,4.65
05/01/2019,55,1,0,65,#REF!,2,172,no,2,172,2.98
02/01/2019,16,1,28,54,#REF!,7,63,yes,7,63,2.9
04/01/2019,20,1,0,39,#REF!,13,55,no,13,55,4.07
05/01/2019,10,1,0,18,#REF!,6,233,no,6,233,4.91
05/01/2019,36,2,0,78,#REF!,9,145,no,9,145,3.43
02/01/2019,8,1,0,19,#REF!,15,122,no,15,122,3.47
01/01/2019,10,1,32,39,#REF!,3,216,yes,3,216,2.26
03/01/2019,8,1,0,24,#REF!,3,33,no,3,33,4.7
03/01/2019,4,1,106,37,#REF!,10,97,yes,10,97,5.58
02/01/2019,31,1,0,44,#REF!,7,80,no,7,80,4.34
01/01/2019,28,1,0,72,#REF!,9,204,no,9,204,3.07
05/01/2019,25,1,63,62,#REF!,5,184,yes,5,184,4.46
04/01/2019,25,1,0,66,#REF!,9,62,no,9,62,4.53
03/01/2019,20,2,2,48,#REF!,3,63,no,3,63,2.94
05/01/2019,1,1,11,23,#REF!,1,79,yes,1,79,2.9
03/01/2019,28,1,32,78,#REF!,7,162,yes,7,162,2.11
02/01/2019,30,2,39,37,#REF!,14,222,yes,14,222,4.04
01/01/2019,15,1,0,63,#REF!,1,160,no,1,160,3.32
03/01/2019,16,3,11,75,#REF!,1,364,yes,1,364,2.79
03/01/2019,6,1,0,30,#REF!,11,43,no,11,43,4.27
04/01/2019,34,1,62,58,#REF!,8,143,yes,8,143,1.15
02/01/2019,36,1,3,80,#REF!,8,144,no,8,144,2.56
01/01/2019,27,2,0,44,#REF!,2,75,no,2,75,2.22
03/01/2019,1,1,31,38,#REF!,58,67,yes,58,67,5
01/01/2019,17,2,0,76,#REF!,5,102,no,5,102,3.78
05/01/2019,29,1,11,38,#REF!,5,49,yes,5,49,1.99
03/01/2019,49,1,45,50,#REF!,6,50,yes,6,50,4.41
03/01/2019,30,1,0,51,#REF!,1,89,no,1,89,3.5
01/01/2019,10,0,0,63,#REF!,1,67,no,1,67,3.47
01/01/2019,21,2,5,17,#REF!,6,281,no,6,281,4.84
04/01/2019,25,2,41,32,#REF!,10,59,yes,10,59,5.02
05/01/2019,19,1,407,48,#REF!,5,75,yes,5,75,4.78
05/01/2019,25,2,35,33,#REF!,20,134,yes,20,134,3.83
02/01/2019,24,1,91,56,#REF!,7,101,yes,7,101,4.88
01/01/2019,18,1,81,73,#REF!,6,59,yes,6,59,3.17
04/01/2019,14,1,0,27,#REF!,22,60,no,22,60,4.59
02/01/2019,36,2,50,15,#REF!,2,22,yes,2,22,2.73
02/01/2019,6,0,0,46,#REF!,9,157,no,9,157,4.72
02/01/2019,34,1,1,71,#REF!,1,317,no,1,317,4.26
04/01/2019,28,2,3,59,#REF!,2,60,no,2,60,3.25
01/01/2019,25,1,28,20,#REF!,1,81,yes,1,81,3.7
05/01/2019,28,2,129,28,#REF!,2,62,yes,2,62,3.12
04/01/2019,24,1,43,68,#REF!,2,92,yes,2,92,3.57
01/01/2019,15,1,43,33,#REF!,9,76,yes,9,76,4.61
05/01/2019,1,1,129,28,#REF!,27,233,yes,27,233,3.76
04/01/2019,10,1,43,37,#REF!,19,139,yes,19,139,3.63
01/01/2019,14,1,66,25,#REF!,20,320,yes,20,320,3.29
05/01/2019,26,1,120,68,#REF!,10,98,yes,10,98,5.97
02/01/2019,13,1,8,26,#REF!,8,79,yes,8,79,3.65
01/01/2019,14,1,0,20,#REF!,2,99,no,2,99,4.55
02/01/2019,23,1,15,72,#REF!,10,55,yes,10,55,3.11
02/01/2019,15,1,63,62,#REF!,2,92,yes,2,92,3.94
01/01/2019,14,1,80,28,#REF!,5,57,yes,5,57,4.65
03/01/2019,33,2,79,56,#REF!,3,64,yes,3,64,3.62
04/01/2019,13,1,0,59,#REF!,1,174,no,1,174,4.63
01/01/2019,59,1,0,29,#REF!,8,106,no,8,106,4.41
01/01/2019,18,1,24,43,#REF!,8,126,yes,8,126,4.17
03/01/2019,36,1,0,69,#REF!,1,198,no,1,198,2.29
01/01/2019,20,1,117,27,#REF!,7,296,yes,7,296,2.94
03/01/2019,10,2,5,37,#REF!,14,29,no,14,29,4.41
02/01/2019,20,1,0,40,#REF!,16,44,no,16,44,4.16
02/01/2019,26,0,202,31,#REF!,8,20,yes,8,20,3.69
04/01/2019,23,2,180,32,#REF!,8,142,yes,8,142,5.78
01/01/2019,8,1,0,70,#REF!,5,208,no,5,208,3.35
03/01/2019,24,1,44,41,#REF!,3,131,yes,3,131,4.01
03/01/2019,32,1,190,31,#REF!,3,74,yes,3,74,3.3
04/01/2019,2,2,64,42,#REF!,1,31,yes,1,31,4.07
01/01/2019,4,1,3,41,#REF!,14,62,no,14,62,5.07
05/01/2019,41,1,11,25,#REF!,12,153,yes,12,153,3.22
05/01/2019,45,1,0,44,#REF!,7,62,no,7,62,5.2
04/01/2019,17,1,44,46,#REF!,19,71,yes,19,71,5.49
04/01/2019,16,1,0,35,#REF!,3,273,no,3,273,4.87
02/01/2019,11,1,36,51,#REF!,5,105,yes,5,105,2.91
05/01/2019,5,3,37,36,#REF!,12,234,yes,12,234,4.66
04/01/2019,16,2,0,18,#REF!,2,35,no,2,35,4.86
02/01/2019,17,1,96,80,#REF!,4,100,yes,4,100,3.01
04/01/2019,15,2,7,40,#REF!,7,64,yes,7,64,4.41
03/01/2019,41,2,66,85,#REF!,5,146,yes,5,146,2.84
01/01/2019,12,1,23,74,#REF!,7,80,yes,7,80,2.94
03/01/2019,1,1,0,50,#REF!,10,60,no,10,60,4.11
02/01/2019,40,1,0,57,#REF!,7,137,no,7,137,3.56
04/01/2019,39,2,4,47,#REF!,8,95,no,8,95,3.75
05/01/2019,19,1,219,35,#REF!,7,35,yes,7,35,2.83
01/01/2019,1,2,0,77,#REF!,7,135,no,7,135,3.97
03/01/2019,51,1,3,64,#REF!,7,38,no,7,38,3.8
03/01/2019,13,1,6,49,#REF!,5,63,yes,5,63,3.3
01/01/2019,26,1,0,38,#REF!,16,114,no,16,114,4.1
02/01/2019,25,2,206,45,#REF!,8,184,yes,8,184,4.7
05/01/2019,1,2,0,35,#REF!,10,28,no,10,28,3.22
03/01/2019,3,1,0,20,#REF!,7,139,no,7,139,4.52
02/01/2019,40,1,16,64,#REF!,10,57,yes,10,57,2.56
01/01/2019,10,1,8,70,#REF!,8,59,yes,8,59,2.87
03/01/2019,19,1,0,65,#REF!,6,66,no,6,66,3.2
04/01/2019,24,1,25,28,#REF!,27,83,yes,27,83,3.78
02/01/2019,18,3,148,37,#REF!,19,34,yes,19,34,5.03
04/01/2019,1,1,7,31,#REF!,10,86,yes,10,86,5.21
03/01/2019,27,1,53,41,#REF!,12,279,yes,12,279,3
04/01/2019,17,1,85,33,#REF!,12,26,yes,12,26,2.35
04/01/2019,9,2,0,51,#REF!,1,78,no,1,78,4.25
05/01/2019,29,1,163,77,#REF!,6,128,yes,6,128,2.51
02/01/2019,31,1,15,40,#REF!,5,57,yes,5,57,5.01
02/01/2019,1,2,66,35,#REF!,3,81,yes,3,81,4.18
02/01/2019,41,2,26,46,#REF!,5,63,yes,5,63,2.94
05/01/2019,26,0,146,52,#REF!,20,83,yes,20,83,4.31
03/01/2019,23,1,0,34,#REF!,37,62,no,37,62,4.18
02/01/2019,1,1,0,32,#REF!,11,25,no,11,25,4.69
01/01/2019,6,1,75,36,#REF!,17,172,yes,17,172,4.02
02/01/2019,25,1,20,42,#REF!,9,41,yes,9,41,3.36
01/01/2019,9,1,70,63,#REF!,6,27,yes,6,27,3.14
01/01/2019,22,2,11,44,#REF!,1,57,yes,1,57,3.61
01/01/2019,5,2,29,79,#REF!,5,253,yes,5,253,2.71
05/01/2019,23,2,197,80,#REF!,9,73,yes,9,73,3.05
05/01/2019,4,1,2,23,#REF!,5,157,no,5,157,4.96
02/01/2019,22,1,210,37,#REF!,26,165,yes,26,165,3.28
03/01/2019,1,1,6,27,#REF!,13,84,yes,13,84,3.84
02/01/2019,19,1,0,19,#REF!,9,90,no,9,90,3.79
05/01/2019,44,1,1,67,#REF!,10,289,no,10,289,5.08
01/01/2019,26,2,0,37,#REF!,1,259,no,1,259,4.47
05/01/2019,18,2,34,32,#REF!,26,26,yes,26,26,3.39
02/01/2019,19,1,0,60,#REF!,9,170,no,9,170,4.01
02/01/2019,39,1,26,74,#REF!,1,138,yes,1,138,2.41
03/01/2019,16,2,9,50,#REF!,3,105,yes,3,105,5.04
02/01/2019,23,1,0,29,#REF!,5,352,no,5,352,5.69
01/01/2019,26,1,0,26,#REF!,14,54,no,14,54,3.23
03/01/2019,4,1,33,38,#REF!,42,53,yes,42,53,3.01
04/01/2019,35,1,152,57,#REF!,7,48,yes,7,48,5.52
01/01/2019,31,2,0,77,#REF!,10,127,no,10,127,3.09
03/01/2019,29,1,17,42,#REF!,8,111,yes,8,111,3.66
02/01/2019,1,1,38,35,#REF!,36,171,yes,36,171,2.26
03/01/2019,14,1,0,41,#REF!,11,38,no,11,38,4.73
01/01/2019,18,2,0,41,#REF!,2,47,no,2,47,4.96
05/01/2019,25,2,0,37,#REF!,7,248,no,7,248,2.47
02/01/2019,11,1,0,25,#REF!,38,168,no,38,168,4.75
03/01/2019,45,2,67,80,#REF!,2,209,yes,2,209,2.99
04/01/2019,14,1,74,56,#REF!,35,173,yes,35,173,5.78
03/01/2019,10,1,0,57,#REF!,3,145,no,3,145,2.96
05/01/2019,46,1,24,16,#REF!,3,138,yes,3,138,2.18
01/01/2019,6,1,184,17,#REF!,17,150,yes,17,150,2.07
03/01/2019,10,1,130,49,#REF!,6,60,yes,6,60,4.89
03/01/2019,14,1,47,19,#REF!,1,74,yes,1,74,2.23
02/01/2019,7,1,77,30,#REF!,13,44,yes,13,44,3.18
01/01/2019,25,2,0,24,#REF!,32,165,no,32,165,4.87
02/01/2019,21,2,3,59,#REF!,10,108,no,10,108,4.44
04/01/2019,1,1,47,38,#REF!,5,97,yes,5,97,5.94
05/01/2019,15,1,0,63,#REF!,5,91,no,5,91,3.68
04/01/2019,4,2,81,38,#REF!,3,141,yes,3,141,3.3
01/01/2019,12,1,0,32,#REF!,3,105,no,3,105,4.48
03/01/2019,25,1,15,72,#REF!,9,85,yes,9,85,2.82
04/01/2019,4,1,60,23,#REF!,11,213,yes,11,213,2.26
01/01/2019,15,2,0,45,#REF!,5,167,no,5,167,4.36
02/01/2019,11,1,2,85,#REF!,6,44,no,6,44,4.35
02/01/2019,9,1,21,77,#REF!,10,124,yes,10,124,2.49
04/01/2019,16,1,38,42,#REF!,5,94,yes,5,94,3
02/01/2019,21,2,0,40,#REF!,7,50,no,7,50,4.56
01/01/2019,30,2,0,80,#REF!,3,100,no,3,100,3.8
02/01/2019,29,1,13,47,#REF!,3,59,yes,3,59,4.35
02/01/2019,22,1,406,34,#REF!,28,94,yes,28,94,2.99
01/01/2019,12,1,0,33,#REF!,6,121,no,6,121,3.41
01/01/2019,29,2,139,28,#REF!,7,49,yes,7,49,3.14
01/01/2019,12,2,1,45,#REF!,5,20,no,5,20,5.14
04/01/2019,47,1,0,34,#REF!,9,169,no,9,169,4.65
01/01/2019,25,1,70,75,#REF!,7,102,yes,7,102,3.43
04/01/2019,8,1,74,46,#REF!,4,59,yes,4,59,5.69
05/01/2019,13,1,51,65,#REF!,29,108,yes,29,108,2.27
01/01/2019,8,2,63,61,#REF!,3,141,yes,3,141,2
02/01/2019,1,1,47,43,#REF!,9,186,yes,9,186,5.46
05/01/2019,36,2,95,26,#REF!,34,273,yes,34,273,3.33
01/01/2019,28,1,0,16,#REF!,9,70,no,9,70,2.51
05/01/2019,18,1,11,45,#REF!,6,38,yes,6,38,4.59
02/01/2019,28,2,73,27,#REF!,28,47,yes,28,47,2.99
05/01/2019,6,1,79,32,#REF!,5,207,yes,5,207,3.27
03/01/2019,8,1,0,42,#REF!,16,92,no,16,92,4.58
02/01/2019,5,1,0,50,#REF!,2,91,no,2,91,4.65
01/01/2019,30,1,0,32,#REF!,4,79,no,4,79,3.66
02/01/2019,36,1,3,61,#REF!,4,82,no,4,82,3.93
04/01/2019,4,1,31,40,#REF!,8,91,yes,8,91,5.81
02/01/2019,21,1,0,49,#REF!,8,144,no,8,144,4.85
01/01/2019,17,1,0,52,#REF!,13,42,no,13,42,4.69
05/01/2019,15,2,20,35,#REF!,26,156,yes,26,156,5.15
03/01/2019,21,2,41,61,#REF!,5,89,yes,5,89,5.95
04/01/2019,28,1,0,20,#REF!,16,125,no,16,125,4.8
05/01/2019,37,1,6,23,#REF!,2,220,yes,2,220,2.98
01/01/2019,47,1,0,57,#REF!,9,32,no,9,32,3.35
01/01/2019,35,2,0,53,#REF!,9,172,no,9,172,3.52
03/01/2019,4,2,402,41,#REF!,4,48,yes,4,48,3.43
01/01/2019,50,1,0,44,#REF!,1,210,no,1,210,4.93
03/01/2019,17,1,86,36,#REF!,9,44,yes,9,44,4.03
03/01/2019,42,1,243,47,#REF!,19,373,yes,19,373,5.35
01/01/2019,15,1,0,69,#REF!,3,66,no,3,66,5.84
03/01/2019,56,1,162,85,#REF!,9,157,yes,9,157,3.4
05/01/2019,13,1,0,36,#REF!,11,342,no,11,342,4.15
03/01/2019,27,2,42,71,#REF!,3,97,yes,3,97,2.64
01/01/2019,16,0,16,53,#REF!,5,51,yes,5,51,4.77
03/01/2019,16,2,4,58,#REF!,4,40,no,4,40,4.06
01/01/2019,6,1,21,33,#REF!,8,122,yes,8,122,4.9
03/01/2019,1,1,0,36,#REF!,1,46,no,1,46,4.87
04/01/2019,20,1,0,61,#REF!,7,68,no,7,68,4.05
05/01/2019,8,1,8,42,#REF!,19,122,yes,19,122,5.03
03/01/2019,27,3,13,64,#REF!,7,114,yes,7,114,2.31
03/01/2019,7,1,95,63,#REF!,25,128,yes,25,128,4.94
01/01/2019,2,1,105,48,#REF!,7,77,yes,7,77,5.9
03/01/2019,47,1,147,63,#REF!,9,265,yes,9,265,2.33
01/01/2019,15,1,0,54,#REF!,9,94,no,9,94,4.57
05/01/2019,10,2,30,30,#REF!,5,187,yes,5,187,3.84
03/01/2019,6,2,198,48,#REF!,10,156,yes,10,156,4.9
02/01/2019,38,2,20,29,#REF!,12,84,yes,12,84,5.02
04/01/2019,64,1,0,75,#REF!,10,70,no,10,70,3.73
02/01/2019,6,1,0,70,#REF!,8,32,no,8,32,3.53
01/01/2019,17,1,9,55,#REF!,29,184,yes,29,184,3.89
03/01/2019,15,1,0,45,#REF!,5,114,no,5,114,4.73
03/01/2019,22,1,155,31,#REF!,34,85,yes,34,85,4.84
04/01/2019,54,1,6,27,#REF!,10,87,yes,10,87,3.24
01/01/2019,1,1,2,53,#REF!,6,89,no,6,89,3.04
05/01/2019,12,1,0,58,#REF!,2,68,no,2,68,4.76
05/01/2019,54,1,43,51,#REF!,3,101,yes,3,101,4.45
05/01/2019,48,1,44,36,#REF!,2,60,yes,2,60,5.14
03/01/2019,1,2,24,38,#REF!,3,66,yes,3,66,4.85
04/01/2019,10,0,42,52,#REF!,10,143,yes,10,143,4.27
03/01/2019,28,2,265,21,#REF!,9,82,yes,9,82,1.88
01/01/2019,7,1,112,23,#REF!,6,480,yes,6,480,3.38
01/01/2019,46,1,0,70,#REF!,6,51,no,6,51,3.58
02/01/2019,6,1,79,36,#REF!,9,126,yes,9,126,4.78
03/01/2019,16,2,0,21,#REF!,8,132,no,8,132,4.35
02/01/2019,8,1,34,80,#REF!,8,70,yes,8,70,5.38
04/01/2019,4,2,7,25,#REF!,10,64,yes,10,64,4.77
03/01/2019,38,2,1,41,#REF!,2,164,no,2,164,4.19
02/01/2019,15,1,0,28,#REF!,18,141,no,18,141,1.81
05/01/2019,4,1,0,42,#REF!,9,63,no,9,63,4
04/01/2019,13,1,3,42,#REF!,19,46,no,19,46,5.32
03/01/2019,45,2,105,35,#REF!,10,69,yes,10,69,4.47
01/01/2019,16,1,15,48,#REF!,12,88,yes,12,88,2.14
02/01/2019,25,1,17,50,#REF!,7,351,yes,7,351,4.21
03/01/2019,17,1,8,47,#REF!,6,89,yes,6,89,4.37
05/01/2019,27,0,86,75,#REF!,5,67,yes,5,67,1.77
01/01/2019,18,1,131,51,#REF!,4,12,yes,4,12,4.16
05/01/2019,13,1,49,76,#REF!,8,63,yes,8,63,2.84
04/01/2019,14,1,0,72,#REF!,8,156,no,8,156,3.09
02/01/2019,11,1,21,36,#REF!,22,279,yes,22,279,2.91
05/01/2019,18,1,0,58,#REF!,8,146,no,8,146,2.75
03/01/2019,26,2,17,29,#REF!,22,184,yes,22,184,2.76
03/01/2019,5,1,0,56,#REF!,18,143,no,18,143,4.94
03/01/2019,37,1,9,58,#REF!,8,195,yes,8,195,2.08
04/01/2019,15,1,1,39,#REF!,23,155,no,23,155,3.47
01/01/2019,8,2,73,17,#REF!,3,92,yes,3,92,3.37
01/01/2019,1,1,10,18,#REF!,4,89,yes,4,89,3.9
03/01/2019,9,1,13,57,#REF!,1,327,yes,1,327,2.66
03/01/2019,10,1,0,76,#REF!,8,64,no,8,64,3.84
05/01/2019,1,2,68,22,#REF!,2,34,yes,2,34,3.04
02/01/2019,7,1,21,47,#REF!,6,145,yes,6,145,1.74
04/01/2019,17,1,127,54,#REF!,8,41,yes,8,41,1.18
05/01/2019,1,1,81,18,#REF!,10,143,yes,10,143,3.89
01/01/2019,2,1,0,18,#REF!,7,51,no,7,51,4.27
05/01/2019,11,0,120,16,#REF!,7,182,yes,7,182,3.88
03/01/2019,4,2,0,85,#REF!,9,144,no,9,144,2.87
02/01/2019,8,1,0,28,#REF!,7,98,no,7,98,4.42
05/01/2019,25,2,22,33,#REF!,10,125,yes,10,125,4.84
01/01/2019,1,2,0,39,#REF!,3,116,no,3,116,4.07
02/01/2019,17,1,0,21,#REF!,9,73,no,9,73,4.91
03/01/2019,1,1,20,60,#REF!,10,27,yes,10,27,3.72
01/01/2019,2,1,16,22,#REF!,23,56,yes,23,56,4.03
04/01/2019,28,2,0,26,#REF!,7,112,no,7,112,4.12
02/01/2019,14,1,0,33,#REF!,22,133,no,22,133,4.84
03/01/2019,24,2,0,26,#REF!,1,42,no,1,42,3.09
05/01/2019,27,2,0,53,#REF!,5,154,no,5,154,3.64
03/01/2019,9,2,0,44,#REF!,3,119,no,3,119,3.92
04/01/2019,17,1,0,43,#REF!,1,270,no,1,270,5.53
02/01/2019,6,1,102,58,#REF!,4,176,yes,4,176,4.96
02/01/2019,13,0,3,34,#REF!,32,132,no,32,132,1.72
04/01/2019,6,1,82,39,#REF!,25,242,yes,25,242,3.8
04/01/2019,4,1,260,46,#REF!,9,86,yes,9,86,4.32
03/01/2019,50,1,0,71,#REF!,8,89,no,8,89,3.01
01/01/2019,21,2,0,32,#REF!,10,43,no,10,43,5.94
03/01/2019,1,1,0,43,#REF!,6,52,no,6,52,3.13
01/01/2019,12,1,4,40,#REF!,3,76,no,3,76,4.65
01/01/2019,24,1,299,64,#REF!,28,202,yes,28,202,2.55
05/01/2019,24,2,3,80,#REF!,8,129,no,8,129,3.03
04/01/2019,41,2,0,26,#REF!,2,123,no,2,123,3.02
03/01/2019,7,2,22,25,#REF!,4,41,yes,4,41,4.01
03/01/2019,9,1,0,34,#REF!,21,177,no,21,177,2.95
05/01/2019,11,1,89,49,#REF!,8,103,yes,8,103,3.19
05/01/2019,44,1,0,64,#REF!,8,69,no,8,69,2.88
05/01/2019,23,1,46,76,#REF!,5,113,yes,5,113,3.34
05/01/2019,16,1,194,33,#REF!,11,98,yes,11,98,3.23
04/01/2019,26,1,12,42,#REF!,7,155,yes,7,155,3.85
03/01/2019,14,2,277,51,#REF!,4,45,yes,4,45,4.17
05/01/2019,18,2,374,46,#REF!,19,334,yes,19,334,4.32
03/01/2019,29,1,0,51,#REF!,2,129,no,2,129,4.15
04/01/2019,1,2,0,37,#REF!,11,51,no,11,51,5.05
05/01/2019,8,1,21,30,#REF!,16,74,yes,16,74,4.89
01/01/2019,8,1,19,28,#REF!,14,88,yes,14,88,4.81
02/01/2019,3,1,13,37,#REF!,24,123,yes,24,123,4.28
01/01/2019,42,1,23,35,#REF!,1,50,yes,1,50,4.34
03/01/2019,45,1,73,39,#REF!,5,27,yes,5,27,3.27
04/01/2019,23,1,7,50,#REF!,2,88,yes,2,88,3
01/01/2019,19,1,81,56,#REF!,14,132,yes,14,132,4.9
01/01/2019,30,1,0,61,#REF!,7,48,no,7,48,2.61
05/01/2019,35,1,2,75,#REF!,1,211,no,1,211,4.99
05/01/2019,18,3,35,28,#REF!,15,58,yes,15,58,3.66
03/01/2019,13,1,52,41,#REF!,7,127,yes,7,127,4.16
03/01/2019,16,1,163,55,#REF!,9,81,yes,9,81,3.85
03/01/2019,28,2,28,57,#REF!,10,152,yes,10,152,1.08
01/01/2019,19,1,0,28,#REF!,7,152,no,7,152,4.23
02/01/2019,33,1,0,77,#REF!,1,106,no,1,106,4.63
05/01/2019,50,1,50,78,#REF!,9,23,yes,9,23,3.21
01/01/2019,16,1,91,19,#REF!,8,99,yes,8,99,3.67
05/01/2019,28,1,13,54,#REF!,2,111,yes,2,111,4.34
05/01/2019,11,1,7,39,#REF!,6,67,yes,6,67,4.04
02/01/2019,47,2,30,61,#REF!,6,56,yes,6,56,3.96
01/01/2019,44,1,0,64,#REF!,9,108,no,9,108,5.27
02/01/2019,24,1,37,23,#REF!,8,89,yes,8,89,4.86
03/01/2019,27,2,75,37,#REF!,9,111,yes,9,111,2.65
01/01/2019,13,1,47,75,#REF!,2,169,yes,2,169,3.56
02/01/2019,23,1,13,37,#REF!,44,142,yes,44,142,5.64
03/01/2019,36,2,46,44,#REF!,6,45,yes,6,45,3.28
01/01/2019,13,1,0,77,#REF!,10,152,no,10,152,2.35
01/01/2019,39,1,29,38,#REF!,2,171,yes,2,171,5.59
01/01/2019,20,2,0,50,#REF!,3,25,no,3,25,4.23
03/01/2019,24,1,0,53,#REF!,17,272,no,17,272,5.15
03/01/2019,13,1,0,60,#REF!,1,57,no,1,57,3.64
02/01/2019,41,2,0,27,#REF!,10,67,no,10,67,3.07
04/01/2019,18,1,8,35,#REF!,7,38,yes,7,38,5.34
02/01/2019,7,1,238,50,#REF!,8,120,yes,8,120,4.06
05/01/2019,32,1,55,33,#REF!,6,163,yes,6,163,4.61
04/01/2019,15,1,0,33,#REF!,13,45,no,13,45,4.82
01/01/2019,8,1,0,36,#REF!,16,121,no,16,121,4.09
03/01/2019,43,0,2,42,#REF!,3,75,no,3,75,4.98
02/01/2019,20,1,106,18,#REF!,4,153,yes,4,153,3.58
05/01/2019,8,1,0,54,#REF!,5,62,no,5,62,4.87
04/01/2019,20,1,0,49,#REF!,2,23,no,2,23,4.82
05/01/2019,12,1,0,42,#REF!,23,75,no,23,75,4.89
03/01/2019,36,2,16,33,#REF!,10,97,yes,10,97,3.07
03/01/2019,1,2,65,29,#REF!,37,31,yes,37,31,4.25
03/01/2019,9,0,61,47,#REF!,8,38,yes,8,38,4.73
01/01/2019,4,1,0,51,#REF!,4,48,no,4,48,4.21
05/01/2019,16,3,19,75,#REF!,4,55,yes,4,55,2.66
03/01/2019,14,0,16,72,#REF!,6,32,yes,6,32,3.25
03/01/2019,3,1,28,45,#REF!,18,39,yes,18,39,4.39
04/01/2019,7,1,46,48,#REF!,3,150,yes,3,150,2.08
01/01/2019,26,2,0,80,#REF!,2,111,no,2,111,3.98
03/01/2019,1,1,0,47,#REF!,4,115,no,4,115,4.09
04/01/2019,66,1,0,75,#REF!,10,193,no,10,193,4.3
05/01/2019,32,3,0,41,#REF!,4,51,no,4,51,3.73
04/01/2019,39,1,0,77,#REF!,7,31,no,7,31,3.41
02/01/2019,8,2,259,17,#REF!,5,187,yes,5,187,2.16
04/01/2019,1,1,23,25,#REF!,12,34,yes,12,34,3.9
03/01/2019,16,1,43,77,#REF!,6,43,yes,6,43,3.81
05/01/2019,20,1,21,35,#REF!,10,86,yes,10,86,4.36
05/01/2019,8,1,3,35,#REF!,8,228,no,8,228,4.21
02/01/2019,6,1,357,21,#REF!,6,331,yes,6,331,3.81
05/01/2019,10,1,12,41,#REF!,5,77,yes,5,77,4.29
02/01/2019,38,1,23,41,#REF!,6,57,yes,6,57,4.61
04/01/2019,2,1,0,41,#REF!,5,171,no,5,171,5.76
02/01/2019,36,1,7,42,#REF!,6,104,yes,6,104,3.52
01/01/2019,19,1,7,50,#REF!,7,104,yes,7,104,4.3
05/01/2019,17,1,92,68,#REF!,6,77,yes,6,77,4.86
05/01/2019,27,1,0,23,#REF!,9,198,no,9,198,4.19
02/01/2019,1,0,0,32,#REF!,7,77,no,7,77,3
04/01/2019,21,2,122,55,#REF!,4,213,yes,4,213,2.1
01/01/2019,17,2,0,54,#REF!,9,170,no,9,170,4.39
02/01/2019,35,2,16,54,#REF!,5,221,yes,5,221,3.84
05/01/2019,33,1,101,47,#REF!,5,121,yes,5,121,4.29
01/01/2019,10,1,0,40,#REF!,16,302,no,16,302,5.02
02/01/2019,10,1,74,35,#REF!,30,104,yes,30,104,4.93
03/01/2019,2,2,0,44,#REF!,9,88,no,9,88,4.59
02/01/2019,14,1,7,36,#REF!,12,82,yes,12,82,5.67
04/01/2019,1,1,17,39,#REF!,1,249,yes,1,249,4.91
05/01/2019,12,2,0,34,#REF!,7,63,no,7,63,2.13
05/01/2019,22,2,46,15,#REF!,6,173,yes,6,173,3.14
05/01/2019,22,1,28,80,#REF!,3,39,yes,3,39,2.08
05/01/2019,13,1,121,37,#REF!,8,52,yes,8,52,5.39
03/01/2019,49,1,0,71,#REF!,5,92,no,5,92,3.96
04/01/2019,12,1,0,67,#REF!,5,276,no,5,276,3.37
03/01/2019,25,1,0,40,#REF!,5,150,no,5,150,3.09
02/01/2019,33,1,5,51,#REF!,9,116,no,9,116,4.25
02/01/2019,26,2,7,77,#REF!,1,28,yes,1,28,3.5
05/01/2019,12,2,0,30,#REF!,24,223,no,24,223,2.7
04/01/2019,22,1,0,52,#REF!,2,60,no,2,60,4.78
03/01/2019,31,1,187,57,#REF!,5,204,yes,5,204,3.86
02/01/2019,5,2,0,17,#REF!,23,63,no,23,63,4.34
01/01/2019,25,2,0,30,#REF!,7,175,no,7,175,3.26
02/01/2019,36,1,0,57,#REF!,5,213,no,5,213,4.23
02/01/2019,15,1,192,30,#REF!,8,124,yes,8,124,4.12
04/01/2019,49,1,143,79,#REF!,10,56,yes,10,56,2.17
05/01/2019,12,1,0,80,#REF!,4,65,no,4,65,4.21
01/01/2019,8,1,101,18,#REF!,4,70,yes,4,70,3.56
02/01/2019,6,1,0,50,#REF!,8,371,no,8,371,2.56
01/01/2019,15,0,0,19,#REF!,31,50,no,31,50,4.15
02/01/2019,11,1,55,34,#REF!,6,108,yes,6,108,4.81
03/01/2019,14,2,58,18,#REF!,5,85,yes,5,85,3.67
01/01/2019,14,2,0,47,#REF!,10,114,no,10,114,4.51
02/01/2019,38,1,5,56,#REF!,4,48,no,4,48,2.97
05/01/2019,59,1,2,45,#REF!,9,154,no,9,154,2.21
01/01/2019,32,2,21,20,#REF!,4,49,yes,4,49,3.77
04/01/2019,20,1,21,27,#REF!,1,168,yes,1,168,4.28
05/01/2019,10,1,9,24,#REF!,17,60,yes,17,60,3.56
04/01/2019,26,1,23,15,#REF!,9,86,yes,9,86,3.64
03/01/2019,47,1,0,32,#REF!,6,88,no,6,88,3.26
05/01/2019,38,0,57,51,#REF!,8,33,yes,8,33,3.39
05/01/2019,17,1,90,54,#REF!,8,62,yes,8,62,2.57
04/01/2019,20,1,0,33,#REF!,9,66,no,9,66,5.63
04/01/2019,27,1,26,29,#REF!,10,110,yes,10,110,4.26
03/01/2019,26,1,0,55,#REF!,6,61,no,6,61,3.13
02/01/2019,7,1,79,43,#REF!,9,75,yes,9,75,4.68
02/01/2019,20,2,6,21,#REF!,2,248,yes,2,248,3.53
03/01/2019,51,2,0,36,#REF!,5,189,no,5,189,4.02
04/01/2019,19,1,119,73,#REF!,8,203,yes,8,203,2.05
04/01/2019,65,0,21,58,#REF!,8,30,yes,8,30,2.97
04/01/2019,38,1,314,80,#REF!,2,275,yes,2,275,1.94
04/01/2019,13,1,205,79,#REF!,10,196,yes,10,196,2.59
04/01/2019,20,2,0,26,#REF!,27,29,no,27,29,2.46
03/01/2019,18,1,7,24,#REF!,1,21,yes,1,21,3.75
01/01/2019,19,2,2,54,#REF!,5,233,no,5,233,3.19
02/01/2019,31,1,20,63,#REF!,3,98,yes,3,98,4.99
01/01/2019,27,1,81,51,#REF!,1,152,yes,1,152,1.03
04/01/2019,37,2,32,39,#REF!,4,26,yes,4,26,2.46
04/01/2019,6,2,25,42,#REF!,25,33,yes,25,33,2.81
04/01/2019,46,1,3,37,#REF!,12,253,no,12,253,3.1
01/01/2019,33,2,13,59,#REF!,10,48,yes,10,48,2.35
04/01/2019,41,2,36,57,#REF!,10,176,yes,10,176,3.67
03/01/2019,20,2,260,28,#REF!,9,228,yes,9,228,2.99
01/01/2019,23,1,38,42,#REF!,8,78,yes,8,78,4.65
05/01/2019,1,1,52,50,#REF!,7,181,yes,7,181,4.84
04/01/2019,53,1,28,79,#REF!,8,334,yes,8,334,3.35
05/01/2019,18,1,13,36,#REF!,18,123,yes,18,123,3
03/01/2019,13,1,6,16,#REF!,3,71,yes,3,71,2.75
04/01/2019,44,1,51,80,#REF!,7,59,yes,7,59,2.83
01/01/2019,13,1,11,52,#REF!,2,218,yes,2,218,3.42
05/01/2019,35,1,10,66,#REF!,8,73,yes,8,73,3.34
01/01/2019,58,1,158,24,#REF!,8,49,yes,8,49,2.24
04/01/2019,10,1,0,26,#REF!,7,98,no,7,98,4.68
03/01/2019,29,1,0,47,#REF!,4,53,no,4,53,4.98
02/01/2019,13,1,12,43,#REF!,25,121,yes,25,121,2.19
05/01/2019,49,2,38,35,#REF!,8,72,yes,8,72,2.12
04/01/2019,28,2,9,19,#REF!,4,42,yes,4,42,2.35
04/01/2019,4,2,0,17,#REF!,9,43,no,9,43,3.01
04/01/2019,4,2,5,38,#REF!,1,293,no,1,293,4.15
01/01/2019,1,1,0,38,#REF!,5,76,no,5,76,3.89
03/01/2019,5,1,3,50,#REF!,16,55,no,16,55,4.76
01/01/2019,7,2,0,47,#REF!,22,251,no,22,251,4.16
03/01/2019,31,1,42,44,#REF!,18,96,yes,18,96,4.48
01/01/2019,7,1,0,63,#REF!,10,165,no,10,165,4.43
02/01/2019,54,1,35,36,#REF!,10,265,yes,10,265,3.91
05/01/2019,11,1,23,33,#REF!,9,210,yes,9,210,4.32
02/01/2019,4,2,305,40,#REF!,3,116,yes,3,116,4.89
02/01/2019,18,1,3,74,#REF!,2,175,no,2,175,4.39
01/01/2019,34,1,0,32,#REF!,11,63,no,11,63,4.89
04/01/2019,2,2,6,30,#REF!,7,48,yes,7,48,5.04
03/01/2019,38,2,0,55,#REF!,2,246,no,2,246,4.09
01/01/2019,37,2,9,80,#REF!,9,78,yes,9,78,2.57
04/01/2019,23,1,25,16,#REF!,7,354,yes,7,354,2.07
04/01/2019,1,3,33,61,#REF!,10,147,yes,10,147,3.34
05/01/2019,24,1,0,27,#REF!,5,184,no,5,184,4.85
02/01/2019,1,2,0,42,#REF!,13,93,no,13,93,4.01
02/01/2019,26,1,169,53,#REF!,7,40,yes,7,40,4.49
01/01/2019,57,1,0,37,#REF!,5,148,no,5,148,4.93
04/01/2019,12,1,9,53,#REF!,9,54,yes,9,54,3.84
05/01/2019,19,1,26,65,#REF!,6,101,yes,6,101,2.76
04/01/2019,5,1,0,44,#REF!,26,91,no,26,91,4.64
01/01/2019,43,1,0,32,#REF!,1,83,no,1,83,4.58
01/01/2019,6,1,0,47,#REF!,7,38,no,7,38,5.13
03/01/2019,3,1,0,45,#REF!,17,70,no,17,70,2.2
04/01/2019,4,1,2,37,#REF!,29,81,no,29,81,4.69
05/01/2019,18,1,128,51,#REF!,8,131,yes,8,131,4.54
02/01/2019,21,2,6,69,#REF!,1,59,yes,1,59,3.75
05/01/2019,14,1,86,56,#REF!,9,104,yes,9,104,4.13
03/01/2019,26,2,0,80,#REF!,2,203,no,2,203,1.66
03/01/2019,45,1,57,54,#REF!,5,70,yes,5,70,5.73
05/01/2019,23,1,4,36,#REF!,6,156,no,6,156,4.17
02/01/2019,24,1,70,71,#REF!,1,65,yes,1,65,2.98
04/01/2019,20,1,0,47,#REF!,15,287,no,15,287,4.01
03/01/2019,29,1,1,48,#REF!,8,120,no,8,120,4.64
05/01/2019,53,1,6,52,#REF!,8,72,yes,8,72,3.84
02/01/2019,20,1,17,66,#REF!,7,181,yes,7,181,2.86
01/01/2019,33,1,0,40,#REF!,39,89,no,39,89,5.09
02/01/2019,16,1,4,28,#REF!,3,305,no,3,305,4.61
03/01/2019,20,2,42,35,#REF!,2,163,yes,2,163,2.97
04/01/2019,3,2,0,36,#REF!,8,198,no,8,198,3.38
02/01/2019,44,1,0,61,#REF!,2,376,no,2,376,4.42
05/01/2019,16,2,89,19,#REF!,10,209,yes,10,209,3.04
01/01/2019,57,0,3,39,#REF!,16,39,no,16,39,3.32
01/01/2019,10,1,0,47,#REF!,7,100,no,7,100,4.96
04/01/2019,27,1,0,46,#REF!,19,42,no,19,42,2.05
03/01/2019,10,2,26,66,#REF!,3,83,yes,3,83,2.22
05/01/2019,17,1,115,47,#REF!,13,30,yes,13,30,3.47
05/01/2019,10,1,40,43,#REF!,3,93,yes,3,93,3.89
01/01/2019,9,1,0,45,#REF!,6,100,no,6,100,4.8
02/01/2019,18,2,314,36,#REF!,21,31,yes,21,31,2.82
04/01/2019,37,1,0,80,#REF!,10,119,no,10,119,3.7
03/01/2019,24,1,40,37,#REF!,8,78,yes,8,78,5.01
05/01/2019,14,1,4,23,#REF!,40,91,no,40,91,4.73
02/01/2019,17,1,194,26,#REF!,15,146,yes,15,146,3.4
01/01/2019,12,2,10,30,#REF!,8,62,yes,8,62,3.36
05/01/2019,9,1,0,36,#REF!,11,242,no,11,242,4.35
04/01/2019,38,1,0,59,#REF!,6,51,no,6,51,4.87
03/01/2019,12,2,0,38,#REF!,6,70,no,6,70,5.83
04/01/2019,72,0,0,77,#REF!,9,52,no,9,52,4.82
01/01/2019,45,2,4,28,#REF!,13,102,no,13,102,3.36
02/01/2019,1,1,62,85,#REF!,2,83,yes,2,83,2.85
01/01/2019,10,1,0,51,#REF!,6,148,no,6,148,4.27
04/01/2019,15,1,31,56,#REF!,5,146,yes,5,146,3.37
04/01/2019,10,1,0,16,#REF!,4,23,no,4,23,4.36
04/01/2019,44,1,10,50,#REF!,8,74,yes,8,74,2.44
01/01/2019,33,2,0,80,#REF!,5,240,no,5,240,3.25
05/01/2019,35,1,0,65,#REF!,7,143,no,7,143,3.6
05/01/2019,57,1,0,59,#REF!,3,56,no,3,56,4.21
04/01/2019,11,2,86,22,#REF!,8,32,yes,8,32,3.9
01/01/2019,2,1,157,43,#REF!,6,116,yes,6,116,5.28
05/01/2019,14,1,1,49,#REF!,8,148,no,8,148,3.42
04/01/2019,1,2,0,50,#REF!,5,54,no,5,54,4.77
01/01/2019,9,1,0,32,#REF!,20,67,no,20,67,4.54
01/01/2019,46,1,0,18,#REF!,19,57,no,19,57,4.38
05/01/2019,9,2,19,25,#REF!,23,123,yes,23,123,4.98
01/01/2019,12,1,0,36,#REF!,9,82,no,9,82,4.52
05/01/2019,43,2,0,57,#REF!,7,99,no,7,99,3.1
05/01/2019,29,1,12,44,#REF!,6,39,yes,6,39,4.72
05/01/2019,44,2,21,50,#REF!,7,76,yes,7,76,2.67
04/01/2019,11,2,0,29,#REF!,13,77,no,13,77,4.04
01/01/2019,24,2,0,40,#REF!,4,245,no,4,245,4.62
01/01/2019,3,1,0,38,#REF!,28,339,no,28,339,4.83
01/01/2019,32,1,0,32,#REF!,9,201,no,9,201,5.64
04/01/2019,20,1,108,49,#REF!,8,296,yes,8,296,3.09
05/01/2019,4,1,62,17,#REF!,9,160,yes,9,160,3.37
05/01/2019,2,1,0,36,#REF!,36,39,no,36,39,4.79
04/01/2019,32,1,0,58,#REF!,2,68,no,2,68,4.29
03/01/2019,20,1,5,56,#REF!,6,24,no,6,24,4.91
03/01/2019,14,1,128,17,#REF!,4,59,yes,4,59,2.38
02/01/2019,4,1,122,38,#REF!,32,25,yes,32,25,4.72
05/01/2019,54,1,10,85,#REF!,1,336,yes,1,336,3.87
04/01/2019,27,1,0,47,#REF!,1,193,no,1,193,4.76
05/01/2019,16,1,21,16,#REF!,10,67,yes,10,67,2.32
01/01/2019,11,1,0,80,#REF!,5,49,no,5,49,3.94
01/01/2019,37,2,25,77,#REF!,4,152,yes,4,152,2.17
05/01/2019,15,2,28,43,#REF!,3,103,yes,3,103,3.45
04/01/2019,28,2,92,44,#REF!,7,244,yes,7,244,4.78
01/01/2019,11,1,0,31,#REF!,9,26,no,9,26,4.54
04/01/2019,5,1,126,50,#REF!,1,42,yes,1,42,5.52
05/01/2019,13,1,28,44,#REF!,9,42,yes,9,42,5.86
03/01/2019,8,1,5,48,#REF!,2,64,no,2,64,4.9
01/01/2019,12,1,36,29,#REF!,29,155,yes,29,155,4.93
01/01/2019,29,1,2,29,#REF!,8,153,no,8,153,4.31
02/01/2019,9,1,502,34,#REF!,14,52,yes,14,52,4.73
03/01/2019,31,1,175,44,#REF!,1,76,yes,1,76,2.58
01/01/2019,37,1,35,80,#REF!,6,237,yes,6,237,2.43
05/01/2019,20,1,22,50,#REF!,6,61,yes,6,61,4.9
03/01/2019,46,2,88,45,#REF!,1,66,yes,1,66,4.3
04/01/2019,23,1,71,45,#REF!,4,34,yes,4,34,3.83
04/01/2019,25,1,103,16,#REF!,5,76,yes,5,76,2.81
01/01/2019,28,2,0,72,#REF!,2,86,no,2,86,3.88
05/01/2019,20,2,64,46,#REF!,7,95,yes,7,95,3.83
03/01/2019,15,2,12,44,#REF!,15,125,yes,15,125,4.57
01/01/2019,2,2,0,30,#REF!,1,81,no,1,81,4.14
01/01/2019,25,2,0,47,#REF!,2,50,no,2,50,5.25
04/01/2019,41,1,178,42,#REF!,17,41,yes,17,41,4.98
02/01/2019,12,2,0,33,#REF!,11,104,no,11,104,3.9
01/01/2019,37,2,0,36,#REF!,8,55,no,8,55,4.65
01/01/2019,20,1,0,39,#REF!,26,324,no,26,324,4.48
02/01/2019,10,1,22,55,#REF!,6,84,yes,6,84,3.8
02/01/2019,11,1,52,67,#REF!,2,70,yes,2,70,1.44
05/01/2019,40,1,33,54,#REF!,3,212,yes,3,212,2.39
05/01/2019,18,2,51,51,#REF!,2,79,yes,2,79,4.63
05/01/2019,43,1,0,65,#REF!,8,86,no,8,86,4.41
02/01/2019,20,2,185,54,#REF!,3,189,yes,3,189,4.55
04/01/2019,12,1,148,32,#REF!,19,149,yes,19,149,4.05
03/01/2019,41,1,78,75,#REF!,5,59,yes,5,59,2.16
04/01/2019,35,1,81,22,#REF!,1,46,yes,1,46,3.66
02/01/2019,16,2,30,29,#REF!,5,100,yes,5,100,2.19
01/01/2019,4,1,0,57,#REF!,10,49,no,10,49,4.06
01/01/2019,6,0,0,78,#REF!,2,49,no,2,49,3.54
01/01/2019,25,3,0,65,#REF!,7,118,no,7,118,4.13
01/01/2019,19,1,5,45,#REF!,7,156,no,7,156,4.72
02/01/2019,1,1,56,35,#REF!,30,91,yes,30,91,4.83
03/01/2019,14,1,24,46,#REF!,5,80,yes,5,80,4.86
01/01/2019,19,1,12,54,#REF!,2,32,yes,2,32,5.06
01/01/2019,25,2,0,62,#REF!,10,46,no,10,46,3.26
05/01/2019,1,1,43,42,#REF!,7,64,yes,7,64,2.68
05/01/2019,15,1,72,59,#REF!,4,94,yes,4,94,2.16
05/01/2019,58,1,19,64,#REF!,10,50,yes,10,50,3.02
04/01/2019,5,1,0,41,#REF!,10,128,no,10,128,4.29
02/01/2019,6,2,23,27,#REF!,32,343,yes,32,343,3.45
03/01/2019,32,1,0,22,#REF!,10,138,no,10,138,2.64
04/01/2019,7,1,0,27,#REF!,36,127,no,36,127,4.29
03/01/2019,14,2,0,21,#REF!,2,115,no,2,115,2.69
03/01/2019,12,1,92,40,#REF!,9,69,yes,9,69,4.57
04/01/2019,16,1,0,64,#REF!,5,50,no,5,50,3.11
02/01/2019,26,1,121,53,#REF!,2,235,yes,2,235,5.31
05/01/2019,11,1,28,58,#REF!,3,208,yes,3,208,1.52
05/01/2019,16,1,0,49,#REF!,6,68,no,6,68,5.91
02/01/2019,14,1,4,47,#REF!,5,42,no,5,42,3.42
01/01/2019,18,2,59,65,#REF!,4,126,yes,4,126,2.28
04/01/2019,32,2,19,29,#REF!,8,187,yes,8,187,5.15
03/01/2019,23,1,125,54,#REF!,10,202,yes,10,202,4.36
02/01/2019,20,1,5,41,#REF!,7,31,no,7,31,5.92
05/01/2019,1,2,0,58,#REF!,2,72,no,2,72,3.5
04/01/2019,26,2,0,66,#REF!,6,284,no,6,284,3.94
03/01/2019,1,2,15,44,#REF!,11,139,yes,11,139,4.69
03/01/2019,4,1,0,33,#REF!,10,185,no,10,185,3.36
03/01/2019,32,1,3,65,#REF!,7,72,no,7,72,3.73
04/01/2019,31,2,0,36,#REF!,9,218,no,9,218,5.57
03/01/2019,17,2,0,30,#REF!,16,268,no,16,268,3.02
03/01/2019,26,2,0,29,#REF!,5,111,no,5,111,4.81
04/01/2019,50,2,7,61,#REF!,5,45,yes,5,45,2.59
05/01/2019,50,1,0,75,#REF!,9,26,no,9,26,3.87
02/01/2019,8,1,11,16,#REF!,10,147,yes,10,147,3.59
02/01/2019,27,2,0,51,#REF!,1,81,no,1,81,3.25
04/01/2019,18,1,0,48,#REF!,38,120,no,38,120,5.62
01/01/2019,14,1,4,32,#REF!,52,281,no,52,281,2.79
03/01/2019,18,1,46,64,#REF!,6,258,yes,6,258,3.01
01/01/2019,26,1,0,62,#REF!,4,80,no,4,80,3.71
03/01/2019,43,1,24,65,#REF!,9,247,yes,9,247,3.56
03/01/2019,16,1,19,54,#REF!,5,73,yes,5,73,2.3
03/01/2019,10,1,0,60,#REF!,5,273,no,5,273,4.04
05/01/2019,16,1,6,42,#REF!,10,113,yes,10,113,4.07
02/01/2019,30,1,7,65,#REF!,8,118,yes,8,118,2.54
01/01/2019,1,1,80,62,#REF!,5,21,yes,5,21,4.24
05/01/2019,2,1,4,33,#REF!,5,42,no,5,42,4.79
03/01/2019,8,2,0,35,#REF!,15,39,no,15,39,4.4
01/01/2019,8,1,52,47,#REF!,10,129,yes,10,129,4.02
03/01/2019,28,2,118,43,#REF!,1,56,yes,1,56,3.07
01/01/2019,27,1,0,80,#REF!,9,79,no,9,79,3.78
03/01/2019,6,1,51,77,#REF!,6,82,yes,6,82,2.54
01/01/2019,3,1,0,51,#REF!,4,209,no,4,209,5.79
02/01/2019,17,2,0,24,#REF!,1,149,no,1,149,4.51
02/01/2019,21,1,105,33,#REF!,4,220,yes,4,220,5.86
03/01/2019,14,2,0,52,#REF!,2,96,no,2,96,4.85
02/01/2019,4,2,99,20,#REF!,9,59,yes,9,59,3.51
01/01/2019,16,1,63,71,#REF!,8,76,yes,8,76,3.48
01/01/2019,59,1,0,80,#REF!,7,121,no,7,121,2.78
02/01/2019,8,1,210,38,#REF!,13,64,yes,13,64,3.09
05/01/2019,25,2,0,36,#REF!,6,116,no,6,116,3.86
04/01/2019,17,1,0,61,#REF!,27,77,no,27,77,3.34
05/01/2019,10,1,27,49,#REF!,9,31,yes,9,31,4.73
04/01/2019,13,1,0,52,#REF!,4,80,no,4,80,4.21
01/01/2019,16,1,0,26,#REF!,1,82,no,1,82,4.45
05/01/2019,45,2,8,65,#REF!,3,266,yes,3,266,3.35
03/01/2019,1,0,0,52,#REF!,3,257,no,3,257,4.65
02/01/2019,4,0,0,58,#REF!,10,75,no,10,75,4.75
05/01/2019,25,1,24,22,#REF!,3,161,yes,3,161,3.18
04/01/2019,40,1,5,47,#REF!,34,129,no,34,129,4.77
05/01/2019,5,1,92,29,#REF!,37,60,yes,37,60,2.45
03/01/2019,64,1,1,58,#REF!,10,112,no,10,112,2.88
01/01/2019,25,2,0,53,#REF!,12,243,no,12,243,1.62
04/01/2019,20,1,16,65,#REF!,10,64,yes,10,64,4.73
01/01/2019,18,2,23,49,#REF!,10,38,yes,10,38,4.79
05/01/2019,31,1,90,23,#REF!,10,165,yes,10,165,3.67
03/01/2019,12,1,16,21,#REF!,10,53,yes,10,53,3.73
02/01/2019,32,1,0,51,#REF!,1,135,no,1,135,4.22
05/01/2019,14,2,0,43,#REF!,6,26,no,6,26,4.79
03/01/2019,52,1,0,55,#REF!,6,181,no,6,181,4.7
05/01/2019,7,1,111,16,#REF!,4,21,yes,4,21,2.24
02/01/2019,36,1,0,32,#REF!,1,82,no,1,82,4.15
01/01/2019,24,1,29,80,#REF!,3,259,yes,3,259,3.99
04/01/2019,14,3,140,34,#REF!,8,174,yes,8,174,3.81
04/01/2019,17,1,16,67,#REF!,4,130,yes,4,130,4.54
02/01/2019,27,2,18,42,#REF!,5,139,yes,5,139,5.24
05/01/2019,10,1,36,36,#REF!,21,64,yes,21,64,5.26
03/01/2019,34,1,0,64,#REF!,5,115,no,5,115,3.3
04/01/2019,20,2,208,40,#REF!,8,201,yes,8,201,5.79
05/01/2019,9,1,26,46,#REF!,10,383,yes,10,383,4.44
01/01/2019,15,1,0,59,#REF!,6,169,no,6,169,4.97
04/01/2019,37,1,6,68,#REF!,6,58,yes,6,58,2.94
02/01/2019,11,2,35,39,#REF!,7,405,yes,7,405,3.13
03/01/2019,12,1,41,39,#REF!,3,114,yes,3,114,4.13
03/01/2019,25,2,13,77,#REF!,7,214,yes,7,214,4.55
03/01/2019,66,1,40,28,#REF!,19,105,yes,19,105,4.84
02/01/2019,12,2,184,65,#REF!,9,58,yes,9,58,1.09
04/01/2019,12,1,500,64,#REF!,2,82,yes,2,82,4.69
03/01/2019,24,1,85,56,#REF!,7,260,yes,7,260,2.36
05/01/2019,16,2,88,19,#REF!,10,83,yes,10,83,3.85
03/01/2019,19,1,317,54,#REF!,5,342,yes,5,342,3.12
05/01/2019,22,1,289,63,#REF!,7,69,yes,7,69,2.29
01/01/2019,11,1,112,30,#REF!,3,218,yes,3,218,5.82
01/01/2019,20,2,0,80,#REF!,32,57,no,32,57,3.26
03/01/2019,10,2,119,56,#REF!,7,176,yes,7,176,4.19
05/01/2019,20,0,316,48,#REF!,8,66,yes,8,66,4.92
01/01/2019,20,1,0,47,#REF!,10,27,no,10,27,3.8
02/01/2019,12,1,0,57,#REF!,22,142,no,22,142,4.13
03/01/2019,33,1,71,56,#REF!,6,116,yes,6,116,2.73
02/01/2019,37,2,68,36,#REF!,8,111,yes,8,111,4.53
01/01/2019,16,1,0,66,#REF!,12,174,no,12,174,2.04
03/01/2019,32,2,0,65,#REF!,5,133,no,5,133,3.88
01/01/2019,22,2,228,63,#REF!,10,93,yes,10,93,2.59
03/01/2019,1,2,0,41,#REF!,5,264,no,5,264,4.96
01/01/2019,5,1,108,53,#REF!,13,180,yes,13,180,5.25
05/01/2019,19,1,61,29,#REF!,2,69,yes,2,69,4.64
03/01/2019,48,1,0,80,#REF!,4,51,no,4,51,2.36
03/01/2019,4,0,11,57,#REF!,9,63,yes,9,63,4.33
02/01/2019,16,1,0,58,#REF!,5,129,no,5,129,4.71
03/01/2019,6,2,147,54,#REF!,9,273,yes,9,273,2.61
03/01/2019,2,2,0,46,#REF!,18,127,no,18,127,4.81
04/01/2019,2,1,4,41,#REF!,16,122,no,16,122,4.97
02/01/2019,21,1,0,76,#REF!,9,95,no,9,95,4.24
04/01/2019,20,1,104,53,#REF!,1,77,yes,1,77,1.72
05/01/2019,19,2,70,52,#REF!,9,29,yes,9,29,4.98
02/01/2019,4,1,1,34,#REF!,68,150,no,68,150,2.49
03/01/2019,12,0,2,34,#REF!,13,68,no,13,68,4.29
01/01/2019,42,1,35,46,#REF!,12,130,yes,12,130,2.32
05/01/2019,27,1,7,39,#REF!,5,24,yes,5,24,4.76
02/01/2019,1,1,30,49,#REF!,10,55,yes,10,55,3.87
04/01/2019,15,1,288,42,#REF!,13,37,yes,13,37,2.67
05/01/2019,10,2,101,41,#REF!,17,149,yes,17,149,2.5
01/01/2019,2,1,15,36,#REF!,15,54,yes,15,54,2.48
01/01/2019,12,2,0,38,#REF!,10,88,no,10,88,4.91
01/01/2019,31,1,0,72,#REF!,5,52,no,5,52,1.38
03/01/2019,18,2,0,44,#REF!,4,96,no,4,96,5.53
02/01/2019,12,2,161,40,#REF!,11,44,yes,11,44,3.17
04/01/2019,43,1,0,41,#REF!,11,126,no,11,126,4.82
01/01/2019,16,1,12,47,#REF!,6,63,yes,6,63,4.42
04/01/2019,13,1,78,36,#REF!,1,55,yes,1,55,4.66
02/01/2019,25,1,164,37,#REF!,10,143,yes,10,143,4.5
01/01/2019,29,2,0,52,#REF!,4,47,no,4,47,2.56
02/01/2019,25,2,7,16,#REF!,5,62,yes,5,62,2.15
01/01/2019,30,2,5,67,#REF!,2,80,no,2,80,1.99
01/01/2019,32,2,54,55,#REF!,8,123,yes,8,123,4.44
03/01/2019,39,1,0,38,#REF!,5,71,no,5,71,3.78
05/01/2019,51,1,28,59,#REF!,2,115,yes,2,115,3.95
04/01/2019,23,2,0,68,#REF!,10,174,no,10,174,2.88
03/01/2019,8,2,149,49,#REF!,5,185,yes,5,185,5.99
03/01/2019,24,1,22,44,#REF!,38,79,yes,38,79,3.06
02/01/2019,24,2,11,47,#REF!,1,110,yes,1,110,2.8
03/01/2019,1,1,16,42,#REF!,4,78,yes,4,78,4.57
05/01/2019,6,1,0,42,#REF!,7,188,no,7,188,4.09
02/01/2019,2,1,13,37,#REF!,26,25,yes,26,25,5
03/01/2019,32,1,77,58,#REF!,3,71,yes,3,71,2.88
03/01/2019,14,1,89,66,#REF!,7,37,yes,7,37,2.15
03/01/2019,22,1,0,35,#REF!,18,37,no,18,37,5.05
04/01/2019,12,1,0,33,#REF!,4,52,no,4,52,4.91
04/01/2019,6,1,38,44,#REF!,4,95,yes,4,95,2.85
04/01/2019,38,1,0,74,#REF!,10,148,no,10,148,3.95
02/01/2019,23,1,33,32,#REF!,9,230,yes,9,230,3.57
05/01/2019,12,1,81,27,#REF!,4,86,yes,4,86,4.39
02/01/2019,23,2,181,21,#REF!,6,166,yes,6,166,3.93
02/01/2019,12,1,0,52,#REF!,12,25,no,12,25,4.64
05/01/2019,34,2,100,64,#REF!,7,74,yes,7,74,2.05
03/01/2019,1,1,0,16,#REF!,7,37,no,7,37,3.1
03/01/2019,28,2,0,17,#REF!,9,38,no,9,38,4.69
05/01/2019,19,2,0,22,#REF!,3,117,no,3,117,4.53
04/01/2019,1,1,120,53,#REF!,6,50,yes,6,50,4.13
03/01/2019,13,1,86,77,#REF!,7,59,yes,7,59,2.39
04/01/2019,36,1,0,46,#REF!,22,53,no,22,53,4.61
05/01/2019,10,1,0,42,#REF!,14,102,no,14,102,3.96
03/01/2019,28,1,29,19,#REF!,10,98,yes,10,98,3.06
05/01/2019,8,1,76,19,#REF!,4,155,yes,4,155,3.38